{
  "type": "FeatureCollection",
  "name": "buildings_halo",
  "features": [
    {
      "type": "Feature",
      "id": "BLDG-0001",
      "properties": {
        "id": "BLDG-0001",
        "layer": "BUILDING_FOOTPRINT",
        "source_type": "agent_generated_design",
        "confidence": "medium",
        "geometry_role": "design_proposal",
        "building_type": "ai_r_and_d",
        "name_zh": "众智园AI研发建筑",
        "renewal_category": "concept_proposed"
      },
      "geometry": {
        "type": "Polygon",
        "coordinates": [
          [
            [
              116.3434125,
              40.008425
            ],
            [
              116.3434125,
              40.00945277777778
            ],
            [
              116.3439625,
              40.00945277777778
            ],
            [
              116.3439625,
              40.008425
            ],
            [
              116.3434125,
              40.008425
            ]
          ]
        ]
      }
    },
    {
      "type": "Feature",
      "id": "BLDG-0002",
      "properties": {
        "id": "BLDG-0002",
        "layer": "BUILDING_FOOTPRINT",
        "source_type": "agent_generated_design",
        "confidence": "medium",
        "geometry_role": "design_proposal",
        "building_type": "ai_r_and_d",
        "name_zh": "众智园AI研发建筑",
        "renewal_category": "concept_proposed"
      },
      "geometry": {
        "type": "Polygon",
        "coordinates": [
          [
            [
              116.3434125,
              40.01150833333333
            ],
            [
              116.3434125,
              40.01253611111111
            ],
            [
              116.3439625,
              40.01253611111111
            ],
            [
              116.3439625,
              40.01150833333333
            ],
            [
              116.3434125,
              40.01150833333333
            ]
          ]
        ]
      }
    },
    {
      "type": "Feature",
      "id": "BLDG-0003",
      "properties": {
        "id": "BLDG-0003",
        "layer": "BUILDING_FOOTPRINT",
        "source_type": "agent_generated_design",
        "confidence": "medium",
        "geometry_role": "design_proposal",
        "building_type": "ai_r_and_d",
        "name_zh": "众智园AI研发建筑",
        "renewal_category": "concept_proposed"
      },
      "geometry": {
        "type": "Polygon",
        "coordinates": [
          [
            [
              116.3434125,
              40.01459166666667
            ],
            [
              116.3434125,
              40.01561944444445
            ],
            [
              116.3439625,
              40.01561944444445
            ],
            [
              116.3439625,
              40.01459166666667
            ],
            [
              116.3434125,
              40.01459166666667
            ]
          ]
        ]
      }
    },
    {
      "type": "Feature",
      "id": "BLDG-0004",
      "properties": {
        "id": "BLDG-0004",
        "layer": "BUILDING_FOOTPRINT",
        "source_type": "agent_generated_design",
        "confidence": "medium",
        "geometry_role": "design_proposal",
        "building_type": "ai_r_and_d",
        "name_zh": "众智园AI研发建筑",
        "renewal_category": "concept_proposed"
      },
      "geometry": {
        "type": "Polygon",
        "coordinates": [
          [
            [
              116.3434125,
              40.017675000000004
            ],
            [
              116.3434125,
              40.01870277777778
            ],
            [
              116.3439625,
              40.01870277777778
            ],
            [
              116.3439625,
              40.017675000000004
            ],
            [
              116.3434125,
              40.017675000000004
            ]
          ]
        ]
      }
    },
    {
      "type": "Feature",
      "id": "BLDG-0005",
      "properties": {
        "id": "BLDG-0005",
        "layer": "BUILDING_FOOTPRINT",
        "source_type": "agent_generated_design",
        "confidence": "medium",
        "geometry_role": "design_proposal",
        "building_type": "ai_r_and_d",
        "name_zh": "众智园AI研发建筑",
        "renewal_category": "concept_proposed"
      },
      "geometry": {
        "type": "Polygon",
        "coordinates": [
          [
            [
              116.3434125,
              40.02075833333333
            ],
            [
              116.3434125,
              40.02178611111111
            ],
            [
              116.3439625,
              40.02178611111111
            ],
            [
              116.3439625,
              40.02075833333333
            ],
            [
              116.3434125,
              40.02075833333333
            ]
          ]
        ]
      }
    },
    {
      "type": "Feature",
      "id": "BLDG-0006",
      "properties": {
        "id": "BLDG-0006",
        "layer": "BUILDING_FOOTPRINT",
        "source_type": "agent_generated_design",
        "confidence": "medium",
        "geometry_role": "design_proposal",
        "building_type": "ai_r_and_d",
        "name_zh": "众智园AI研发建筑",
        "renewal_category": "concept_proposed"
      },
      "geometry": {
        "type": "Polygon",
        "coordinates": [
          [
            [
              116.3434125,
              40.02384166666667
            ],
            [
              116.3434125,
              40.02486944444445
            ],
            [
              116.3439625,
              40.02486944444445
            ],
            [
              116.3439625,
              40.02384166666667
            ],
            [
              116.3434125,
              40.02384166666667
            ]
          ]
        ]
      }
    },
    {
      "type": "Feature",
      "id": "BLDG-0007",
      "properties": {
        "id": "BLDG-0007",
        "layer": "BUILDING_FOOTPRINT",
        "source_type": "agent_generated_design",
        "confidence": "medium",
        "geometry_role": "design_proposal",
        "building_type": "ai_r_and_d",
        "name_zh": "众智园AI研发建筑",
        "renewal_category": "concept_proposed"
      },
      "geometry": {
        "type": "Polygon",
        "coordinates": [
          [
            [
              116.34478750000001,
              40.008425
            ],
            [
              116.34478750000001,
              40.00945277777778
            ],
            [
              116.34533750000001,
              40.00945277777778
            ],
            [
              116.34533750000001,
              40.008425
            ],
            [
              116.34478750000001,
              40.008425
            ]
          ]
        ]
      }
    },
    {
      "type": "Feature",
      "id": "BLDG-0008",
      "properties": {
        "id": "BLDG-0008",
        "layer": "BUILDING_FOOTPRINT",
        "source_type": "agent_generated_design",
        "confidence": "medium",
        "geometry_role": "design_proposal",
        "building_type": "ai_r_and_d",
        "name_zh": "众智园AI研发建筑",
        "renewal_category": "concept_proposed"
      },
      "geometry": {
        "type": "Polygon",
        "coordinates": [
          [
            [
              116.34478750000001,
              40.01150833333333
            ],
            [
              116.34478750000001,
              40.01253611111111
            ],
            [
              116.34533750000001,
              40.01253611111111
            ],
            [
              116.34533750000001,
              40.01150833333333
            ],
            [
              116.34478750000001,
              40.01150833333333
            ]
          ]
        ]
      }
    },
    {
      "type": "Feature",
      "id": "BLDG-0009",
      "properties": {
        "id": "BLDG-0009",
        "layer": "BUILDING_FOOTPRINT",
        "source_type": "agent_generated_design",
        "confidence": "medium",
        "geometry_role": "design_proposal",
        "building_type": "ai_r_and_d",
        "name_zh": "众智园AI研发建筑",
        "renewal_category": "concept_proposed"
      },
      "geometry": {
        "type": "Polygon",
        "coordinates": [
          [
            [
              116.34478750000001,
              40.01459166666667
            ],
            [
              116.34478750000001,
              40.01561944444445
            ],
            [
              116.34533750000001,
              40.01561944444445
            ],
            [
              116.34533750000001,
              40.01459166666667
            ],
            [
              116.34478750000001,
              40.01459166666667
            ]
          ]
        ]
      }
    },
    {
      "type": "Feature",
      "id": "BLDG-0010",
      "properties": {
        "id": "BLDG-0010",
        "layer": "BUILDING_FOOTPRINT",
        "source_type": "agent_generated_design",
        "confidence": "medium",
        "geometry_role": "design_proposal",
        "building_type": "ai_r_and_d",
        "name_zh": "众智园AI研发建筑",
        "renewal_category": "concept_proposed"
      },
      "geometry": {
        "type": "Polygon",
        "coordinates": [
          [
            [
              116.34478750000001,
              40.017675000000004
            ],
            [
              116.34478750000001,
              40.01870277777778
            ],
            [
              116.34533750000001,
              40.01870277777778
            ],
            [
              116.34533750000001,
              40.017675000000004
            ],
            [
              116.34478750000001,
              40.017675000000004
            ]
          ]
        ]
      }
    },
    {
      "type": "Feature",
      "id": "BLDG-0011",
      "properties": {
        "id": "BLDG-0011",
        "layer": "BUILDING_FOOTPRINT",
        "source_type": "agent_generated_design",
        "confidence": "medium",
        "geometry_role": "design_proposal",
        "building_type": "ai_r_and_d",
        "name_zh": "众智园AI研发建筑",
        "renewal_category": "concept_proposed"
      },
      "geometry": {
        "type": "Polygon",
        "coordinates": [
          [
            [
              116.34478750000001,
              40.02075833333333
            ],
            [
              116.34478750000001,
              40.02178611111111
            ],
            [
              116.34533750000001,
              40.02178611111111
            ],
            [
              116.34533750000001,
              40.02075833333333
            ],
            [
              116.34478750000001,
              40.02075833333333
            ]
          ]
        ]
      }
    },
    {
      "type": "Feature",
      "id": "BLDG-0012",
      "properties": {
        "id": "BLDG-0012",
        "layer": "BUILDING_FOOTPRINT",
        "source_type": "agent_generated_design",
        "confidence": "medium",
        "geometry_role": "design_proposal",
        "building_type": "ai_r_and_d",
        "name_zh": "众智园AI研发建筑",
        "renewal_category": "concept_proposed"
      },
      "geometry": {
        "type": "Polygon",
        "coordinates": [
          [
            [
              116.34478750000001,
              40.02384166666667
            ],
            [
              116.34478750000001,
              40.02486944444445
            ],
            [
              116.34533750000001,
              40.02486944444445
            ],
            [
              116.34533750000001,
              40.02384166666667
            ],
            [
              116.34478750000001,
              40.02384166666667
            ]
          ]
        ]
      }
    },
    {
      "type": "Feature",
      "id": "BLDG-0013",
      "properties": {
        "id": "BLDG-0013",
        "layer": "BUILDING_FOOTPRINT",
        "source_type": "agent_generated_design",
        "confidence": "medium",
        "geometry_role": "design_proposal",
        "building_type": "ai_r_and_d",
        "name_zh": "众智园AI研发建筑",
        "renewal_category": "concept_proposed"
      },
      "geometry": {
        "type": "Polygon",
        "coordinates": [
          [
            [
              116.3461625,
              40.008425
            ],
            [
              116.3461625,
              40.00945277777778
            ],
            [
              116.34671250000001,
              40.00945277777778
            ],
            [
              116.34671250000001,
              40.008425
            ],
            [
              116.3461625,
              40.008425
            ]
          ]
        ]
      }
    },
    {
      "type": "Feature",
      "id": "BLDG-0014",
      "properties": {
        "id": "BLDG-0014",
        "layer": "BUILDING_FOOTPRINT",
        "source_type": "agent_generated_design",
        "confidence": "medium",
        "geometry_role": "design_proposal",
        "building_type": "ai_r_and_d",
        "name_zh": "众智园AI研发建筑",
        "renewal_category": "concept_proposed"
      },
      "geometry": {
        "type": "Polygon",
        "coordinates": [
          [
            [
              116.3461625,
              40.01150833333333
            ],
            [
              116.3461625,
              40.01253611111111
            ],
            [
              116.34671250000001,
              40.01253611111111
            ],
            [
              116.34671250000001,
              40.01150833333333
            ],
            [
              116.3461625,
              40.01150833333333
            ]
          ]
        ]
      }
    },
    {
      "type": "Feature",
      "id": "BLDG-0015",
      "properties": {
        "id": "BLDG-0015",
        "layer": "BUILDING_FOOTPRINT",
        "source_type": "agent_generated_design",
        "confidence": "medium",
        "geometry_role": "design_proposal",
        "building_type": "community_service",
        "name_zh": "众智园社区服务建筑",
        "renewal_category": "concept_proposed"
      },
      "geometry": {
        "type": "Polygon",
        "coordinates": [
          [
            [
              116.3461625,
              40.01459166666667
            ],
            [
              116.3461625,
              40.01561944444445
            ],
            [
              116.34671250000001,
              40.01561944444445
            ],
            [
              116.34671250000001,
              40.01459166666667
            ],
            [
              116.3461625,
              40.01459166666667
            ]
          ]
        ]
      }
    },
    {
      "type": "Feature",
      "id": "BLDG-0016",
      "properties": {
        "id": "BLDG-0016",
        "layer": "BUILDING_FOOTPRINT",
        "source_type": "agent_generated_design",
        "confidence": "medium",
        "geometry_role": "design_proposal",
        "building_type": "ai_r_and_d",
        "name_zh": "众智园AI研发建筑",
        "renewal_category": "concept_proposed"
      },
      "geometry": {
        "type": "Polygon",
        "coordinates": [
          [
            [
              116.3461625,
              40.017675000000004
            ],
            [
              116.3461625,
              40.01870277777778
            ],
            [
              116.34671250000001,
              40.01870277777778
            ],
            [
              116.34671250000001,
              40.017675000000004
            ],
            [
              116.3461625,
              40.017675000000004
            ]
          ]
        ]
      }
    },
    {
      "type": "Feature",
      "id": "BLDG-0017",
      "properties": {
        "id": "BLDG-0017",
        "layer": "BUILDING_FOOTPRINT",
        "source_type": "agent_generated_design",
        "confidence": "medium",
        "geometry_role": "design_proposal",
        "building_type": "ai_r_and_d",
        "name_zh": "众智园AI研发建筑",
        "renewal_category": "concept_proposed"
      },
      "geometry": {
        "type": "Polygon",
        "coordinates": [
          [
            [
              116.3461625,
              40.02075833333333
            ],
            [
              116.3461625,
              40.02178611111111
            ],
            [
              116.34671250000001,
              40.02178611111111
            ],
            [
              116.34671250000001,
              40.02075833333333
            ],
            [
              116.3461625,
              40.02075833333333
            ]
          ]
        ]
      }
    },
    {
      "type": "Feature",
      "id": "BLDG-0018",
      "properties": {
        "id": "BLDG-0018",
        "layer": "BUILDING_FOOTPRINT",
        "source_type": "agent_generated_design",
        "confidence": "medium",
        "geometry_role": "design_proposal",
        "building_type": "ai_r_and_d",
        "name_zh": "众智园AI研发建筑",
        "renewal_category": "concept_proposed"
      },
      "geometry": {
        "type": "Polygon",
        "coordinates": [
          [
            [
              116.3461625,
              40.02384166666667
            ],
            [
              116.3461625,
              40.02486944444445
            ],
            [
              116.34671250000001,
              40.02486944444445
            ],
            [
              116.34671250000001,
              40.02384166666667
            ],
            [
              116.3461625,
              40.02384166666667
            ]
          ]
        ]
      }
    },
    {
      "type": "Feature",
      "id": "BLDG-0019",
      "properties": {
        "id": "BLDG-0019",
        "layer": "BUILDING_FOOTPRINT",
        "source_type": "agent_generated_design",
        "confidence": "medium",
        "geometry_role": "design_proposal",
        "building_type": "ai_r_and_d",
        "name_zh": "众智园AI研发建筑",
        "renewal_category": "concept_proposed"
      },
      "geometry": {
        "type": "Polygon",
        "coordinates": [
          [
            [
              116.3475375,
              40.008425
            ],
            [
              116.3475375,
              40.00945277777778
            ],
            [
              116.3480875,
              40.00945277777778
            ],
            [
              116.3480875,
              40.008425
            ],
            [
              116.3475375,
              40.008425
            ]
          ]
        ]
      }
    },
    {
      "type": "Feature",
      "id": "BLDG-0020",
      "properties": {
        "id": "BLDG-0020",
        "layer": "BUILDING_FOOTPRINT",
        "source_type": "agent_generated_design",
        "confidence": "medium",
        "geometry_role": "design_proposal",
        "building_type": "ai_r_and_d",
        "name_zh": "众智园AI研发建筑",
        "renewal_category": "concept_proposed"
      },
      "geometry": {
        "type": "Polygon",
        "coordinates": [
          [
            [
              116.3475375,
              40.01150833333333
            ],
            [
              116.3475375,
              40.01253611111111
            ],
            [
              116.3480875,
              40.01253611111111
            ],
            [
              116.3480875,
              40.01150833333333
            ],
            [
              116.3475375,
              40.01150833333333
            ]
          ]
        ]
      }
    },
    {
      "type": "Feature",
      "id": "BLDG-0021",
      "properties": {
        "id": "BLDG-0021",
        "layer": "BUILDING_FOOTPRINT",
        "source_type": "agent_generated_design",
        "confidence": "medium",
        "geometry_role": "design_proposal",
        "building_type": "ai_r_and_d",
        "name_zh": "众智园AI研发建筑",
        "renewal_category": "concept_proposed"
      },
      "geometry": {
        "type": "Polygon",
        "coordinates": [
          [
            [
              116.3475375,
              40.01459166666667
            ],
            [
              116.3475375,
              40.01561944444445
            ],
            [
              116.3480875,
              40.01561944444445
            ],
            [
              116.3480875,
              40.01459166666667
            ],
            [
              116.3475375,
              40.01459166666667
            ]
          ]
        ]
      }
    },
    {
      "type": "Feature",
      "id": "BLDG-0022",
      "properties": {
        "id": "BLDG-0022",
        "layer": "BUILDING_FOOTPRINT",
        "source_type": "agent_generated_design",
        "confidence": "medium",
        "geometry_role": "design_proposal",
        "building_type": "ai_r_and_d",
        "name_zh": "众智园AI研发建筑",
        "renewal_category": "concept_proposed"
      },
      "geometry": {
        "type": "Polygon",
        "coordinates": [
          [
            [
              116.3475375,
              40.017675000000004
            ],
            [
              116.3475375,
              40.01870277777778
            ],
            [
              116.3480875,
              40.01870277777778
            ],
            [
              116.3480875,
              40.017675000000004
            ],
            [
              116.3475375,
              40.017675000000004
            ]
          ]
        ]
      }
    },
    {
      "type": "Feature",
      "id": "BLDG-0023",
      "properties": {
        "id": "BLDG-0023",
        "layer": "BUILDING_FOOTPRINT",
        "source_type": "agent_generated_design",
        "confidence": "medium",
        "geometry_role": "design_proposal",
        "building_type": "ai_r_and_d",
        "name_zh": "众智园AI研发建筑",
        "renewal_category": "concept_proposed"
      },
      "geometry": {
        "type": "Polygon",
        "coordinates": [
          [
            [
              116.3475375,
              40.02075833333333
            ],
            [
              116.3475375,
              40.02178611111111
            ],
            [
              116.3480875,
              40.02178611111111
            ],
            [
              116.3480875,
              40.02075833333333
            ],
            [
              116.3475375,
              40.02075833333333
            ]
          ]
        ]
      }
    },
    {
      "type": "Feature",
      "id": "BLDG-0024",
      "properties": {
        "id": "BLDG-0024",
        "layer": "BUILDING_FOOTPRINT",
        "source_type": "agent_generated_design",
        "confidence": "medium",
        "geometry_role": "design_proposal",
        "building_type": "ai_r_and_d",
        "name_zh": "众智园AI研发建筑",
        "renewal_category": "concept_proposed"
      },
      "geometry": {
        "type": "Polygon",
        "coordinates": [
          [
            [
              116.3475375,
              40.02384166666667
            ],
            [
              116.3475375,
              40.02486944444445
            ],
            [
              116.3480875,
              40.02486944444445
            ],
            [
              116.3480875,
              40.02384166666667
            ],
            [
              116.3475375,
              40.02384166666667
            ]
          ]
        ]
      }
    },
    {
      "type": "Feature",
      "id": "BLDG-0025",
      "properties": {
        "id": "BLDG-0025",
        "layer": "BUILDING_FOOTPRINT",
        "source_type": "agent_generated_design",
        "confidence": "medium",
        "geometry_role": "design_proposal",
        "building_type": "ai_r_and_d",
        "name_zh": "众智园AI研发建筑",
        "renewal_category": "concept_proposed"
      },
      "geometry": {
        "type": "Polygon",
        "coordinates": [
          [
            [
              116.3489125,
              40.008425
            ],
            [
              116.3489125,
              40.00945277777778
            ],
            [
              116.3494625,
              40.00945277777778
            ],
            [
              116.3494625,
              40.008425
            ],
            [
              116.3489125,
              40.008425
            ]
          ]
        ]
      }
    },
    {
      "type": "Feature",
      "id": "BLDG-0026",
      "properties": {
        "id": "BLDG-0026",
        "layer": "BUILDING_FOOTPRINT",
        "source_type": "agent_generated_design",
        "confidence": "medium",
        "geometry_role": "design_proposal",
        "building_type": "ai_r_and_d",
        "name_zh": "众智园AI研发建筑",
        "renewal_category": "concept_proposed"
      },
      "geometry": {
        "type": "Polygon",
        "coordinates": [
          [
            [
              116.3489125,
              40.01150833333333
            ],
            [
              116.3489125,
              40.01253611111111
            ],
            [
              116.3494625,
              40.01253611111111
            ],
            [
              116.3494625,
              40.01150833333333
            ],
            [
              116.3489125,
              40.01150833333333
            ]
          ]
        ]
      }
    },
    {
      "type": "Feature",
      "id": "BLDG-0027",
      "properties": {
        "id": "BLDG-0027",
        "layer": "BUILDING_FOOTPRINT",
        "source_type": "agent_generated_design",
        "confidence": "medium",
        "geometry_role": "design_proposal",
        "building_type": "ai_r_and_d",
        "name_zh": "众智园AI研发建筑",
        "renewal_category": "concept_proposed"
      },
      "geometry": {
        "type": "Polygon",
        "coordinates": [
          [
            [
              116.3489125,
              40.01459166666667
            ],
            [
              116.3489125,
              40.01561944444445
            ],
            [
              116.3494625,
              40.01561944444445
            ],
            [
              116.3494625,
              40.01459166666667
            ],
            [
              116.3489125,
              40.01459166666667
            ]
          ]
        ]
      }
    },
    {
      "type": "Feature",
      "id": "BLDG-0028",
      "properties": {
        "id": "BLDG-0028",
        "layer": "BUILDING_FOOTPRINT",
        "source_type": "agent_generated_design",
        "confidence": "medium",
        "geometry_role": "design_proposal",
        "building_type": "ai_r_and_d",
        "name_zh": "众智园AI研发建筑",
        "renewal_category": "concept_proposed"
      },
      "geometry": {
        "type": "Polygon",
        "coordinates": [
          [
            [
              116.3489125,
              40.017675000000004
            ],
            [
              116.3489125,
              40.01870277777778
            ],
            [
              116.3494625,
              40.01870277777778
            ],
            [
              116.3494625,
              40.017675000000004
            ],
            [
              116.3489125,
              40.017675000000004
            ]
          ]
        ]
      }
    },
    {
      "type": "Feature",
      "id": "BLDG-0029",
      "properties": {
        "id": "BLDG-0029",
        "layer": "BUILDING_FOOTPRINT",
        "source_type": "agent_generated_design",
        "confidence": "medium",
        "geometry_role": "design_proposal",
        "building_type": "ai_r_and_d",
        "name_zh": "众智园AI研发建筑",
        "renewal_category": "concept_proposed"
      },
      "geometry": {
        "type": "Polygon",
        "coordinates": [
          [
            [
              116.3489125,
              40.02075833333333
            ],
            [
              116.3489125,
              40.02178611111111
            ],
            [
              116.3494625,
              40.02178611111111
            ],
            [
              116.3494625,
              40.02075833333333
            ],
            [
              116.3489125,
              40.02075833333333
            ]
          ]
        ]
      }
    },
    {
      "type": "Feature",
      "id": "BLDG-0030",
      "properties": {
        "id": "BLDG-0030",
        "layer": "BUILDING_FOOTPRINT",
        "source_type": "agent_generated_design",
        "confidence": "medium",
        "geometry_role": "design_proposal",
        "building_type": "mobility_hub",
        "name_zh": "众智园交通枢纽建筑",
        "renewal_category": "concept_proposed"
      },
      "geometry": {
        "type": "Polygon",
        "coordinates": [
          [
            [
              116.3489125,
              40.02384166666667
            ],
            [
              116.3489125,
              40.02486944444445
            ],
            [
              116.3494625,
              40.02486944444445
            ],
            [
              116.3494625,
              40.02384166666667
            ],
            [
              116.3489125,
              40.02384166666667
            ]
          ]
        ]
      }
    },
    {
      "type": "Feature",
      "id": "BLDG-0031",
      "properties": {
        "id": "BLDG-0031",
        "layer": "BUILDING_FOOTPRINT",
        "source_type": "agent_generated_design",
        "confidence": "medium",
        "geometry_role": "design_proposal",
        "building_type": "ai_r_and_d",
        "name_zh": "众智园AI研发建筑",
        "renewal_category": "concept_proposed"
      },
      "geometry": {
        "type": "Polygon",
        "coordinates": [
          [
            [
              116.35028750000001,
              40.008425
            ],
            [
              116.35028750000001,
              40.00945277777778
            ],
            [
              116.35083750000001,
              40.00945277777778
            ],
            [
              116.35083750000001,
              40.008425
            ],
            [
              116.35028750000001,
              40.008425
            ]
          ]
        ]
      }
    },
    {
      "type": "Feature",
      "id": "BLDG-0032",
      "properties": {
        "id": "BLDG-0032",
        "layer": "BUILDING_FOOTPRINT",
        "source_type": "agent_generated_design",
        "confidence": "medium",
        "geometry_role": "design_proposal",
        "building_type": "ai_r_and_d",
        "name_zh": "众智园AI研发建筑",
        "renewal_category": "concept_proposed"
      },
      "geometry": {
        "type": "Polygon",
        "coordinates": [
          [
            [
              116.35028750000001,
              40.01150833333333
            ],
            [
              116.35028750000001,
              40.01253611111111
            ],
            [
              116.35083750000001,
              40.01253611111111
            ],
            [
              116.35083750000001,
              40.01150833333333
            ],
            [
              116.35028750000001,
              40.01150833333333
            ]
          ]
        ]
      }
    },
    {
      "type": "Feature",
      "id": "BLDG-0033",
      "properties": {
        "id": "BLDG-0033",
        "layer": "BUILDING_FOOTPRINT",
        "source_type": "agent_generated_design",
        "confidence": "medium",
        "geometry_role": "design_proposal",
        "building_type": "ai_r_and_d",
        "name_zh": "众智园AI研发建筑",
        "renewal_category": "concept_proposed"
      },
      "geometry": {
        "type": "Polygon",
        "coordinates": [
          [
            [
              116.35028750000001,
              40.01459166666667
            ],
            [
              116.35028750000001,
              40.01561944444445
            ],
            [
              116.35083750000001,
              40.01561944444445
            ],
            [
              116.35083750000001,
              40.01459166666667
            ],
            [
              116.35028750000001,
              40.01459166666667
            ]
          ]
        ]
      }
    },
    {
      "type": "Feature",
      "id": "BLDG-0034",
      "properties": {
        "id": "BLDG-0034",
        "layer": "BUILDING_FOOTPRINT",
        "source_type": "agent_generated_design",
        "confidence": "medium",
        "geometry_role": "design_proposal",
        "building_type": "ai_r_and_d",
        "name_zh": "众智园AI研发建筑",
        "renewal_category": "concept_proposed"
      },
      "geometry": {
        "type": "Polygon",
        "coordinates": [
          [
            [
              116.35028750000001,
              40.017675000000004
            ],
            [
              116.35028750000001,
              40.01870277777778
            ],
            [
              116.35083750000001,
              40.01870277777778
            ],
            [
              116.35083750000001,
              40.017675000000004
            ],
            [
              116.35028750000001,
              40.017675000000004
            ]
          ]
        ]
      }
    },
    {
      "type": "Feature",
      "id": "BLDG-0035",
      "properties": {
        "id": "BLDG-0035",
        "layer": "BUILDING_FOOTPRINT",
        "source_type": "agent_generated_design",
        "confidence": "medium",
        "geometry_role": "design_proposal",
        "building_type": "ai_r_and_d",
        "name_zh": "众智园AI研发建筑",
        "renewal_category": "concept_proposed"
      },
      "geometry": {
        "type": "Polygon",
        "coordinates": [
          [
            [
              116.35028750000001,
              40.02075833333333
            ],
            [
              116.35028750000001,
              40.02178611111111
            ],
            [
              116.35083750000001,
              40.02178611111111
            ],
            [
              116.35083750000001,
              40.02075833333333
            ],
            [
              116.35028750000001,
              40.02075833333333
            ]
          ]
        ]
      }
    },
    {
      "type": "Feature",
      "id": "BLDG-0036",
      "properties": {
        "id": "BLDG-0036",
        "layer": "BUILDING_FOOTPRINT",
        "source_type": "agent_generated_design",
        "confidence": "medium",
        "geometry_role": "design_proposal",
        "building_type": "ai_r_and_d",
        "name_zh": "众智园AI研发建筑",
        "renewal_category": "concept_proposed"
      },
      "geometry": {
        "type": "Polygon",
        "coordinates": [
          [
            [
              116.35028750000001,
              40.02384166666667
            ],
            [
              116.35028750000001,
              40.02486944444445
            ],
            [
              116.35083750000001,
              40.02486944444445
            ],
            [
              116.35083750000001,
              40.02384166666667
            ],
            [
              116.35028750000001,
              40.02384166666667
            ]
          ]
        ]
      }
    },
    {
      "type": "Feature",
      "id": "BLDG-0037",
      "properties": {
        "id": "BLDG-0037",
        "layer": "BUILDING_FOOTPRINT",
        "source_type": "agent_generated_design",
        "confidence": "medium",
        "geometry_role": "design_proposal",
        "building_type": "ai_r_and_d",
        "name_zh": "众智园AI研发建筑",
        "renewal_category": "concept_proposed"
      },
      "geometry": {
        "type": "Polygon",
        "coordinates": [
          [
            [
              116.3516625,
              40.008425
            ],
            [
              116.3516625,
              40.00945277777778
            ],
            [
              116.35221250000001,
              40.00945277777778
            ],
            [
              116.35221250000001,
              40.008425
            ],
            [
              116.3516625,
              40.008425
            ]
          ]
        ]
      }
    },
    {
      "type": "Feature",
      "id": "BLDG-0038",
      "properties": {
        "id": "BLDG-0038",
        "layer": "BUILDING_FOOTPRINT",
        "source_type": "agent_generated_design",
        "confidence": "medium",
        "geometry_role": "design_proposal",
        "building_type": "ai_r_and_d",
        "name_zh": "众智园AI研发建筑",
        "renewal_category": "concept_proposed"
      },
      "geometry": {
        "type": "Polygon",
        "coordinates": [
          [
            [
              116.3516625,
              40.01150833333333
            ],
            [
              116.3516625,
              40.01253611111111
            ],
            [
              116.35221250000001,
              40.01253611111111
            ],
            [
              116.35221250000001,
              40.01150833333333
            ],
            [
              116.3516625,
              40.01150833333333
            ]
          ]
        ]
      }
    },
    {
      "type": "Feature",
      "id": "BLDG-0039",
      "properties": {
        "id": "BLDG-0039",
        "layer": "BUILDING_FOOTPRINT",
        "source_type": "agent_generated_design",
        "confidence": "medium",
        "geometry_role": "design_proposal",
        "building_type": "ai_r_and_d",
        "name_zh": "众智园AI研发建筑",
        "renewal_category": "concept_proposed"
      },
      "geometry": {
        "type": "Polygon",
        "coordinates": [
          [
            [
              116.3516625,
              40.01459166666667
            ],
            [
              116.3516625,
              40.01561944444445
            ],
            [
              116.35221250000001,
              40.01561944444445
            ],
            [
              116.35221250000001,
              40.01459166666667
            ],
            [
              116.3516625,
              40.01459166666667
            ]
          ]
        ]
      }
    },
    {
      "type": "Feature",
      "id": "BLDG-0040",
      "properties": {
        "id": "BLDG-0040",
        "layer": "BUILDING_FOOTPRINT",
        "source_type": "agent_generated_design",
        "confidence": "medium",
        "geometry_role": "design_proposal",
        "building_type": "ai_r_and_d",
        "name_zh": "众智园AI研发建筑",
        "renewal_category": "concept_proposed"
      },
      "geometry": {
        "type": "Polygon",
        "coordinates": [
          [
            [
              116.3516625,
              40.017675000000004
            ],
            [
              116.3516625,
              40.01870277777778
            ],
            [
              116.35221250000001,
              40.01870277777778
            ],
            [
              116.35221250000001,
              40.017675000000004
            ],
            [
              116.3516625,
              40.017675000000004
            ]
          ]
        ]
      }
    },
    {
      "type": "Feature",
      "id": "BLDG-0041",
      "properties": {
        "id": "BLDG-0041",
        "layer": "BUILDING_FOOTPRINT",
        "source_type": "agent_generated_design",
        "confidence": "medium",
        "geometry_role": "design_proposal",
        "building_type": "ai_r_and_d",
        "name_zh": "众智园AI研发建筑",
        "renewal_category": "concept_proposed"
      },
      "geometry": {
        "type": "Polygon",
        "coordinates": [
          [
            [
              116.3516625,
              40.02075833333333
            ],
            [
              116.3516625,
              40.02178611111111
            ],
            [
              116.35221250000001,
              40.02178611111111
            ],
            [
              116.35221250000001,
              40.02075833333333
            ],
            [
              116.3516625,
              40.02075833333333
            ]
          ]
        ]
      }
    },
    {
      "type": "Feature",
      "id": "BLDG-0042",
      "properties": {
        "id": "BLDG-0042",
        "layer": "BUILDING_FOOTPRINT",
        "source_type": "agent_generated_design",
        "confidence": "medium",
        "geometry_role": "design_proposal",
        "building_type": "ai_r_and_d",
        "name_zh": "众智园AI研发建筑",
        "renewal_category": "concept_proposed"
      },
      "geometry": {
        "type": "Polygon",
        "coordinates": [
          [
            [
              116.3516625,
              40.02384166666667
            ],
            [
              116.3516625,
              40.02486944444445
            ],
            [
              116.35221250000001,
              40.02486944444445
            ],
            [
              116.35221250000001,
              40.02384166666667
            ],
            [
              116.3516625,
              40.02384166666667
            ]
          ]
        ]
      }
    },
    {
      "type": "Feature",
      "id": "BLDG-0043",
      "properties": {
        "id": "BLDG-0043",
        "layer": "BUILDING_FOOTPRINT",
        "source_type": "agent_generated_design",
        "confidence": "medium",
        "geometry_role": "design_proposal",
        "building_type": "ai_r_and_d",
        "name_zh": "众智园AI研发建筑",
        "renewal_category": "concept_proposed"
      },
      "geometry": {
        "type": "Polygon",
        "coordinates": [
          [
            [
              116.3530375,
              40.008425
            ],
            [
              116.3530375,
              40.00945277777778
            ],
            [
              116.3535875,
              40.00945277777778
            ],
            [
              116.3535875,
              40.008425
            ],
            [
              116.3530375,
              40.008425
            ]
          ]
        ]
      }
    },
    {
      "type": "Feature",
      "id": "BLDG-0044",
      "properties": {
        "id": "BLDG-0044",
        "layer": "BUILDING_FOOTPRINT",
        "source_type": "agent_generated_design",
        "confidence": "medium",
        "geometry_role": "design_proposal",
        "building_type": "ai_r_and_d",
        "name_zh": "众智园AI研发建筑",
        "renewal_category": "concept_proposed"
      },
      "geometry": {
        "type": "Polygon",
        "coordinates": [
          [
            [
              116.3530375,
              40.01150833333333
            ],
            [
              116.3530375,
              40.01253611111111
            ],
            [
              116.3535875,
              40.01253611111111
            ],
            [
              116.3535875,
              40.01150833333333
            ],
            [
              116.3530375,
              40.01150833333333
            ]
          ]
        ]
      }
    },
    {
      "type": "Feature",
      "id": "BLDG-0045",
      "properties": {
        "id": "BLDG-0045",
        "layer": "BUILDING_FOOTPRINT",
        "source_type": "agent_generated_design",
        "confidence": "medium",
        "geometry_role": "design_proposal",
        "building_type": "cultural",
        "name_zh": "众智园文化建筑",
        "renewal_category": "concept_proposed"
      },
      "geometry": {
        "type": "Polygon",
        "coordinates": [
          [
            [
              116.3530375,
              40.01459166666667
            ],
            [
              116.3530375,
              40.01561944444445
            ],
            [
              116.3535875,
              40.01561944444445
            ],
            [
              116.3535875,
              40.01459166666667
            ],
            [
              116.3530375,
              40.01459166666667
            ]
          ]
        ]
      }
    },
    {
      "type": "Feature",
      "id": "BLDG-0046",
      "properties": {
        "id": "BLDG-0046",
        "layer": "BUILDING_FOOTPRINT",
        "source_type": "agent_generated_design",
        "confidence": "medium",
        "geometry_role": "design_proposal",
        "building_type": "ai_r_and_d",
        "name_zh": "众智园AI研发建筑",
        "renewal_category": "concept_proposed"
      },
      "geometry": {
        "type": "Polygon",
        "coordinates": [
          [
            [
              116.3530375,
              40.017675000000004
            ],
            [
              116.3530375,
              40.01870277777778
            ],
            [
              116.3535875,
              40.01870277777778
            ],
            [
              116.3535875,
              40.017675000000004
            ],
            [
              116.3530375,
              40.017675000000004
            ]
          ]
        ]
      }
    },
    {
      "type": "Feature",
      "id": "BLDG-0047",
      "properties": {
        "id": "BLDG-0047",
        "layer": "BUILDING_FOOTPRINT",
        "source_type": "agent_generated_design",
        "confidence": "medium",
        "geometry_role": "design_proposal",
        "building_type": "ai_r_and_d",
        "name_zh": "众智园AI研发建筑",
        "renewal_category": "concept_proposed"
      },
      "geometry": {
        "type": "Polygon",
        "coordinates": [
          [
            [
              116.3530375,
              40.02075833333333
            ],
            [
              116.3530375,
              40.02178611111111
            ],
            [
              116.3535875,
              40.02178611111111
            ],
            [
              116.3535875,
              40.02075833333333
            ],
            [
              116.3530375,
              40.02075833333333
            ]
          ]
        ]
      }
    },
    {
      "type": "Feature",
      "id": "BLDG-0048",
      "properties": {
        "id": "BLDG-0048",
        "layer": "BUILDING_FOOTPRINT",
        "source_type": "agent_generated_design",
        "confidence": "medium",
        "geometry_role": "design_proposal",
        "building_type": "ai_r_and_d",
        "name_zh": "众智园AI研发建筑",
        "renewal_category": "concept_proposed"
      },
      "geometry": {
        "type": "Polygon",
        "coordinates": [
          [
            [
              116.3530375,
              40.02384166666667
            ],
            [
              116.3530375,
              40.02486944444445
            ],
            [
              116.3535875,
              40.02486944444445
            ],
            [
              116.3535875,
              40.02384166666667
            ],
            [
              116.3530375,
              40.02384166666667
            ]
          ]
        ]
      }
    },
    {
      "type": "Feature",
      "id": "BLDG-0049",
      "properties": {
        "id": "BLDG-0049",
        "layer": "BUILDING_FOOTPRINT",
        "source_type": "agent_generated_design",
        "confidence": "medium",
        "geometry_role": "design_proposal",
        "building_type": "ai_r_and_d",
        "name_zh": "AI原点创新建筑",
        "renewal_category": "concept_proposed"
      },
      "geometry": {
        "type": "Polygon",
        "coordinates": [
          [
            [
              116.34255,
              39.984249999999996
            ],
            [
              116.34255,
              39.98508333333333
            ],
            [
              116.34333571428571,
              39.98508333333333
            ],
            [
              116.34333571428571,
              39.984249999999996
            ],
            [
              116.34255,
              39.984249999999996
            ]
          ]
        ]
      }
    },
    {
      "type": "Feature",
      "id": "BLDG-0050",
      "properties": {
        "id": "BLDG-0050",
        "layer": "BUILDING_FOOTPRINT",
        "source_type": "agent_generated_design",
        "confidence": "medium",
        "geometry_role": "design_proposal",
        "building_type": "ai_r_and_d",
        "name_zh": "AI原点创新建筑",
        "renewal_category": "concept_proposed"
      },
      "geometry": {
        "type": "Polygon",
        "coordinates": [
          [
            [
              116.34255,
              39.98675
            ],
            [
              116.34255,
              39.98758333333333
            ],
            [
              116.34333571428571,
              39.98758333333333
            ],
            [
              116.34333571428571,
              39.98675
            ],
            [
              116.34255,
              39.98675
            ]
          ]
        ]
      }
    },
    {
      "type": "Feature",
      "id": "BLDG-0051",
      "properties": {
        "id": "BLDG-0051",
        "layer": "BUILDING_FOOTPRINT",
        "source_type": "agent_generated_design",
        "confidence": "medium",
        "geometry_role": "design_proposal",
        "building_type": "ai_r_and_d",
        "name_zh": "AI原点创新建筑",
        "renewal_category": "concept_proposed"
      },
      "geometry": {
        "type": "Polygon",
        "coordinates": [
          [
            [
              116.34255,
              39.98925
            ],
            [
              116.34255,
              39.99008333333333
            ],
            [
              116.34333571428571,
              39.99008333333333
            ],
            [
              116.34333571428571,
              39.98925
            ],
            [
              116.34255,
              39.98925
            ]
          ]
        ]
      }
    },
    {
      "type": "Feature",
      "id": "BLDG-0052",
      "properties": {
        "id": "BLDG-0052",
        "layer": "BUILDING_FOOTPRINT",
        "source_type": "agent_generated_design",
        "confidence": "medium",
        "geometry_role": "design_proposal",
        "building_type": "ai_r_and_d",
        "name_zh": "AI原点创新建筑",
        "renewal_category": "concept_proposed"
      },
      "geometry": {
        "type": "Polygon",
        "coordinates": [
          [
            [
              116.34255,
              39.991749999999996
            ],
            [
              116.34255,
              39.99258333333333
            ],
            [
              116.34333571428571,
              39.99258333333333
            ],
            [
              116.34333571428571,
              39.991749999999996
            ],
            [
              116.34255,
              39.991749999999996
            ]
          ]
        ]
      }
    },
    {
      "type": "Feature",
      "id": "BLDG-0053",
      "properties": {
        "id": "BLDG-0053",
        "layer": "BUILDING_FOOTPRINT",
        "source_type": "agent_generated_design",
        "confidence": "medium",
        "geometry_role": "design_proposal",
        "building_type": "ai_r_and_d",
        "name_zh": "AI原点创新建筑",
        "renewal_category": "concept_proposed"
      },
      "geometry": {
        "type": "Polygon",
        "coordinates": [
          [
            [
              116.34438333333333,
              39.984249999999996
            ],
            [
              116.34438333333333,
              39.98508333333333
            ],
            [
              116.34516904761904,
              39.98508333333333
            ],
            [
              116.34516904761904,
              39.984249999999996
            ],
            [
              116.34438333333333,
              39.984249999999996
            ]
          ]
        ]
      }
    },
    {
      "type": "Feature",
      "id": "BLDG-0054",
      "properties": {
        "id": "BLDG-0054",
        "layer": "BUILDING_FOOTPRINT",
        "source_type": "agent_generated_design",
        "confidence": "medium",
        "geometry_role": "design_proposal",
        "building_type": "ai_r_and_d",
        "name_zh": "AI原点创新建筑",
        "renewal_category": "concept_proposed"
      },
      "geometry": {
        "type": "Polygon",
        "coordinates": [
          [
            [
              116.34438333333333,
              39.98675
            ],
            [
              116.34438333333333,
              39.98758333333333
            ],
            [
              116.34516904761904,
              39.98758333333333
            ],
            [
              116.34516904761904,
              39.98675
            ],
            [
              116.34438333333333,
              39.98675
            ]
          ]
        ]
      }
    },
    {
      "type": "Feature",
      "id": "BLDG-0055",
      "properties": {
        "id": "BLDG-0055",
        "layer": "BUILDING_FOOTPRINT",
        "source_type": "agent_generated_design",
        "confidence": "medium",
        "geometry_role": "design_proposal",
        "building_type": "ai_r_and_d",
        "name_zh": "AI原点创新建筑",
        "renewal_category": "concept_proposed"
      },
      "geometry": {
        "type": "Polygon",
        "coordinates": [
          [
            [
              116.34438333333333,
              39.98925
            ],
            [
              116.34438333333333,
              39.99008333333333
            ],
            [
              116.34516904761904,
              39.99008333333333
            ],
            [
              116.34516904761904,
              39.98925
            ],
            [
              116.34438333333333,
              39.98925
            ]
          ]
        ]
      }
    },
    {
      "type": "Feature",
      "id": "BLDG-0056",
      "properties": {
        "id": "BLDG-0056",
        "layer": "BUILDING_FOOTPRINT",
        "source_type": "agent_generated_design",
        "confidence": "medium",
        "geometry_role": "design_proposal",
        "building_type": "ai_r_and_d",
        "name_zh": "AI原点创新建筑",
        "renewal_category": "concept_proposed"
      },
      "geometry": {
        "type": "Polygon",
        "coordinates": [
          [
            [
              116.34438333333333,
              39.991749999999996
            ],
            [
              116.34438333333333,
              39.99258333333333
            ],
            [
              116.34516904761904,
              39.99258333333333
            ],
            [
              116.34516904761904,
              39.991749999999996
            ],
            [
              116.34438333333333,
              39.991749999999996
            ]
          ]
        ]
      }
    },
    {
      "type": "Feature",
      "id": "BLDG-0057",
      "properties": {
        "id": "BLDG-0057",
        "layer": "BUILDING_FOOTPRINT",
        "source_type": "agent_generated_design",
        "confidence": "medium",
        "geometry_role": "design_proposal",
        "building_type": "ai_r_and_d",
        "name_zh": "AI原点创新建筑",
        "renewal_category": "concept_proposed"
      },
      "geometry": {
        "type": "Polygon",
        "coordinates": [
          [
            [
              116.34621666666666,
              39.984249999999996
            ],
            [
              116.34621666666666,
              39.98508333333333
            ],
            [
              116.34700238095238,
              39.98508333333333
            ],
            [
              116.34700238095238,
              39.984249999999996
            ],
            [
              116.34621666666666,
              39.984249999999996
            ]
          ]
        ]
      }
    },
    {
      "type": "Feature",
      "id": "BLDG-0058",
      "properties": {
        "id": "BLDG-0058",
        "layer": "BUILDING_FOOTPRINT",
        "source_type": "agent_generated_design",
        "confidence": "medium",
        "geometry_role": "design_proposal",
        "building_type": "ai_r_and_d",
        "name_zh": "AI原点创新建筑",
        "renewal_category": "concept_proposed"
      },
      "geometry": {
        "type": "Polygon",
        "coordinates": [
          [
            [
              116.34621666666666,
              39.98675
            ],
            [
              116.34621666666666,
              39.98758333333333
            ],
            [
              116.34700238095238,
              39.98758333333333
            ],
            [
              116.34700238095238,
              39.98675
            ],
            [
              116.34621666666666,
              39.98675
            ]
          ]
        ]
      }
    },
    {
      "type": "Feature",
      "id": "BLDG-0059",
      "properties": {
        "id": "BLDG-0059",
        "layer": "BUILDING_FOOTPRINT",
        "source_type": "agent_generated_design",
        "confidence": "medium",
        "geometry_role": "design_proposal",
        "building_type": "ai_r_and_d",
        "name_zh": "AI原点创新建筑",
        "renewal_category": "concept_proposed"
      },
      "geometry": {
        "type": "Polygon",
        "coordinates": [
          [
            [
              116.34621666666666,
              39.98925
            ],
            [
              116.34621666666666,
              39.99008333333333
            ],
            [
              116.34700238095238,
              39.99008333333333
            ],
            [
              116.34700238095238,
              39.98925
            ],
            [
              116.34621666666666,
              39.98925
            ]
          ]
        ]
      }
    },
    {
      "type": "Feature",
      "id": "BLDG-0060",
      "properties": {
        "id": "BLDG-0060",
        "layer": "BUILDING_FOOTPRINT",
        "source_type": "agent_generated_design",
        "confidence": "medium",
        "geometry_role": "design_proposal",
        "building_type": "residential",
        "name_zh": "AI原点创新建筑",
        "renewal_category": "concept_proposed"
      },
      "geometry": {
        "type": "Polygon",
        "coordinates": [
          [
            [
              116.34621666666666,
              39.991749999999996
            ],
            [
              116.34621666666666,
              39.99258333333333
            ],
            [
              116.34700238095238,
              39.99258333333333
            ],
            [
              116.34700238095238,
              39.991749999999996
            ],
            [
              116.34621666666666,
              39.991749999999996
            ]
          ]
        ]
      }
    },
    {
      "type": "Feature",
      "id": "BLDG-0061",
      "properties": {
        "id": "BLDG-0061",
        "layer": "BUILDING_FOOTPRINT",
        "source_type": "agent_generated_design",
        "confidence": "medium",
        "geometry_role": "design_proposal",
        "building_type": "ai_r_and_d",
        "name_zh": "AI原点创新建筑",
        "renewal_category": "concept_proposed"
      },
      "geometry": {
        "type": "Polygon",
        "coordinates": [
          [
            [
              116.34805,
              39.984249999999996
            ],
            [
              116.34805,
              39.98508333333333
            ],
            [
              116.34883571428571,
              39.98508333333333
            ],
            [
              116.34883571428571,
              39.984249999999996
            ],
            [
              116.34805,
              39.984249999999996
            ]
          ]
        ]
      }
    },
    {
      "type": "Feature",
      "id": "BLDG-0062",
      "properties": {
        "id": "BLDG-0062",
        "layer": "BUILDING_FOOTPRINT",
        "source_type": "agent_generated_design",
        "confidence": "medium",
        "geometry_role": "design_proposal",
        "building_type": "ai_r_and_d",
        "name_zh": "AI原点创新建筑",
        "renewal_category": "concept_proposed"
      },
      "geometry": {
        "type": "Polygon",
        "coordinates": [
          [
            [
              116.34805,
              39.98675
            ],
            [
              116.34805,
              39.98758333333333
            ],
            [
              116.34883571428571,
              39.98758333333333
            ],
            [
              116.34883571428571,
              39.98675
            ],
            [
              116.34805,
              39.98675
            ]
          ]
        ]
      }
    },
    {
      "type": "Feature",
      "id": "BLDG-0063",
      "properties": {
        "id": "BLDG-0063",
        "layer": "BUILDING_FOOTPRINT",
        "source_type": "agent_generated_design",
        "confidence": "medium",
        "geometry_role": "design_proposal",
        "building_type": "ai_r_and_d",
        "name_zh": "AI原点创新建筑",
        "renewal_category": "concept_proposed"
      },
      "geometry": {
        "type": "Polygon",
        "coordinates": [
          [
            [
              116.34805,
              39.98925
            ],
            [
              116.34805,
              39.99008333333333
            ],
            [
              116.34883571428571,
              39.99008333333333
            ],
            [
              116.34883571428571,
              39.98925
            ],
            [
              116.34805,
              39.98925
            ]
          ]
        ]
      }
    },
    {
      "type": "Feature",
      "id": "BLDG-0064",
      "properties": {
        "id": "BLDG-0064",
        "layer": "BUILDING_FOOTPRINT",
        "source_type": "agent_generated_design",
        "confidence": "medium",
        "geometry_role": "design_proposal",
        "building_type": "ai_r_and_d",
        "name_zh": "AI原点创新建筑",
        "renewal_category": "concept_proposed"
      },
      "geometry": {
        "type": "Polygon",
        "coordinates": [
          [
            [
              116.34805,
              39.991749999999996
            ],
            [
              116.34805,
              39.99258333333333
            ],
            [
              116.34883571428571,
              39.99258333333333
            ],
            [
              116.34883571428571,
              39.991749999999996
            ],
            [
              116.34805,
              39.991749999999996
            ]
          ]
        ]
      }
    },
    {
      "type": "Feature",
      "id": "BLDG-0065",
      "properties": {
        "id": "BLDG-0065",
        "layer": "BUILDING_FOOTPRINT",
        "source_type": "agent_generated_design",
        "confidence": "medium",
        "geometry_role": "design_proposal",
        "building_type": "ai_r_and_d",
        "name_zh": "AI原点创新建筑",
        "renewal_category": "concept_proposed"
      },
      "geometry": {
        "type": "Polygon",
        "coordinates": [
          [
            [
              116.34988333333332,
              39.984249999999996
            ],
            [
              116.34988333333332,
              39.98508333333333
            ],
            [
              116.35066904761904,
              39.98508333333333
            ],
            [
              116.35066904761904,
              39.984249999999996
            ],
            [
              116.34988333333332,
              39.984249999999996
            ]
          ]
        ]
      }
    },
    {
      "type": "Feature",
      "id": "BLDG-0066",
      "properties": {
        "id": "BLDG-0066",
        "layer": "BUILDING_FOOTPRINT",
        "source_type": "agent_generated_design",
        "confidence": "medium",
        "geometry_role": "design_proposal",
        "building_type": "ai_r_and_d",
        "name_zh": "AI原点创新建筑",
        "renewal_category": "concept_proposed"
      },
      "geometry": {
        "type": "Polygon",
        "coordinates": [
          [
            [
              116.34988333333332,
              39.98675
            ],
            [
              116.34988333333332,
              39.98758333333333
            ],
            [
              116.35066904761904,
              39.98758333333333
            ],
            [
              116.35066904761904,
              39.98675
            ],
            [
              116.34988333333332,
              39.98675
            ]
          ]
        ]
      }
    },
    {
      "type": "Feature",
      "id": "BLDG-0067",
      "properties": {
        "id": "BLDG-0067",
        "layer": "BUILDING_FOOTPRINT",
        "source_type": "agent_generated_design",
        "confidence": "medium",
        "geometry_role": "design_proposal",
        "building_type": "ai_r_and_d",
        "name_zh": "AI原点创新建筑",
        "renewal_category": "concept_proposed"
      },
      "geometry": {
        "type": "Polygon",
        "coordinates": [
          [
            [
              116.34988333333332,
              39.98925
            ],
            [
              116.34988333333332,
              39.99008333333333
            ],
            [
              116.35066904761904,
              39.99008333333333
            ],
            [
              116.35066904761904,
              39.98925
            ],
            [
              116.34988333333332,
              39.98925
            ]
          ]
        ]
      }
    },
    {
      "type": "Feature",
      "id": "BLDG-0068",
      "properties": {
        "id": "BLDG-0068",
        "layer": "BUILDING_FOOTPRINT",
        "source_type": "agent_generated_design",
        "confidence": "medium",
        "geometry_role": "design_proposal",
        "building_type": "ai_r_and_d",
        "name_zh": "AI原点创新建筑",
        "renewal_category": "concept_proposed"
      },
      "geometry": {
        "type": "Polygon",
        "coordinates": [
          [
            [
              116.34988333333332,
              39.991749999999996
            ],
            [
              116.34988333333332,
              39.99258333333333
            ],
            [
              116.35066904761904,
              39.99258333333333
            ],
            [
              116.35066904761904,
              39.991749999999996
            ],
            [
              116.34988333333332,
              39.991749999999996
            ]
          ]
        ]
      }
    },
    {
      "type": "Feature",
      "id": "BLDG-0069",
      "properties": {
        "id": "BLDG-0069",
        "layer": "BUILDING_FOOTPRINT",
        "source_type": "agent_generated_design",
        "confidence": "medium",
        "geometry_role": "design_proposal",
        "building_type": "ai_r_and_d",
        "name_zh": "AI原点创新建筑",
        "renewal_category": "concept_proposed"
      },
      "geometry": {
        "type": "Polygon",
        "coordinates": [
          [
            [
              116.35171666666666,
              39.984249999999996
            ],
            [
              116.35171666666666,
              39.98508333333333
            ],
            [
              116.35250238095237,
              39.98508333333333
            ],
            [
              116.35250238095237,
              39.984249999999996
            ],
            [
              116.35171666666666,
              39.984249999999996
            ]
          ]
        ]
      }
    },
    {
      "type": "Feature",
      "id": "BLDG-0070",
      "properties": {
        "id": "BLDG-0070",
        "layer": "BUILDING_FOOTPRINT",
        "source_type": "agent_generated_design",
        "confidence": "medium",
        "geometry_role": "design_proposal",
        "building_type": "ai_r_and_d",
        "name_zh": "AI原点创新建筑",
        "renewal_category": "concept_proposed"
      },
      "geometry": {
        "type": "Polygon",
        "coordinates": [
          [
            [
              116.35171666666666,
              39.98675
            ],
            [
              116.35171666666666,
              39.98758333333333
            ],
            [
              116.35250238095237,
              39.98758333333333
            ],
            [
              116.35250238095237,
              39.98675
            ],
            [
              116.35171666666666,
              39.98675
            ]
          ]
        ]
      }
    },
    {
      "type": "Feature",
      "id": "BLDG-0071",
      "properties": {
        "id": "BLDG-0071",
        "layer": "BUILDING_FOOTPRINT",
        "source_type": "agent_generated_design",
        "confidence": "medium",
        "geometry_role": "design_proposal",
        "building_type": "ai_r_and_d",
        "name_zh": "AI原点创新建筑",
        "renewal_category": "concept_proposed"
      },
      "geometry": {
        "type": "Polygon",
        "coordinates": [
          [
            [
              116.35171666666666,
              39.98925
            ],
            [
              116.35171666666666,
              39.99008333333333
            ],
            [
              116.35250238095237,
              39.99008333333333
            ],
            [
              116.35250238095237,
              39.98925
            ],
            [
              116.35171666666666,
              39.98925
            ]
          ]
        ]
      }
    },
    {
      "type": "Feature",
      "id": "BLDG-0072",
      "properties": {
        "id": "BLDG-0072",
        "layer": "BUILDING_FOOTPRINT",
        "source_type": "agent_generated_design",
        "confidence": "medium",
        "geometry_role": "design_proposal",
        "building_type": "ai_r_and_d",
        "name_zh": "AI原点创新建筑",
        "renewal_category": "concept_proposed"
      },
      "geometry": {
        "type": "Polygon",
        "coordinates": [
          [
            [
              116.35171666666666,
              39.991749999999996
            ],
            [
              116.35171666666666,
              39.99258333333333
            ],
            [
              116.35250238095237,
              39.99258333333333
            ],
            [
              116.35250238095237,
              39.991749999999996
            ],
            [
              116.35171666666666,
              39.991749999999996
            ]
          ]
        ]
      }
    },
    {
      "type": "Feature",
      "id": "BLDG-0073",
      "properties": {
        "id": "BLDG-0073",
        "layer": "BUILDING_FOOTPRINT",
        "source_type": "agent_generated_design",
        "confidence": "medium",
        "geometry_role": "design_proposal",
        "building_type": "mixed_use",
        "name_zh": "大钟寺AI商业建筑",
        "renewal_category": "concept_proposed"
      },
      "geometry": {
        "type": "Polygon",
        "coordinates": [
          [
            [
              116.34278,
              39.944584000000006
            ],
            [
              116.34278,
              39.94516800000001
            ],
            [
              116.34386333333333,
              39.94516800000001
            ],
            [
              116.34386333333333,
              39.944584000000006
            ],
            [
              116.34278,
              39.944584000000006
            ]
          ]
        ]
      }
    },
    {
      "type": "Feature",
      "id": "BLDG-0074",
      "properties": {
        "id": "BLDG-0074",
        "layer": "BUILDING_FOOTPRINT",
        "source_type": "agent_generated_design",
        "confidence": "medium",
        "geometry_role": "design_proposal",
        "building_type": "mixed_use",
        "name_zh": "大钟寺AI商业建筑",
        "renewal_category": "concept_proposed"
      },
      "geometry": {
        "type": "Polygon",
        "coordinates": [
          [
            [
              116.34278,
              39.94653066666667
            ],
            [
              116.34278,
              39.947114666666664
            ],
            [
              116.34386333333333,
              39.947114666666664
            ],
            [
              116.34386333333333,
              39.94653066666667
            ],
            [
              116.34278,
              39.94653066666667
            ]
          ]
        ]
      }
    },
    {
      "type": "Feature",
      "id": "BLDG-0075",
      "properties": {
        "id": "BLDG-0075",
        "layer": "BUILDING_FOOTPRINT",
        "source_type": "agent_generated_design",
        "confidence": "medium",
        "geometry_role": "design_proposal",
        "building_type": "mixed_use",
        "name_zh": "大钟寺AI商业建筑",
        "renewal_category": "concept_proposed"
      },
      "geometry": {
        "type": "Polygon",
        "coordinates": [
          [
            [
              116.34278,
              39.94847733333334
            ],
            [
              116.34278,
              39.94906133333333
            ],
            [
              116.34386333333333,
              39.94906133333333
            ],
            [
              116.34386333333333,
              39.94847733333334
            ],
            [
              116.34278,
              39.94847733333334
            ]
          ]
        ]
      }
    },
    {
      "type": "Feature",
      "id": "BLDG-0076",
      "properties": {
        "id": "BLDG-0076",
        "layer": "BUILDING_FOOTPRINT",
        "source_type": "agent_generated_design",
        "confidence": "medium",
        "geometry_role": "design_proposal",
        "building_type": "mixed_use",
        "name_zh": "大钟寺AI商业建筑",
        "renewal_category": "concept_proposed"
      },
      "geometry": {
        "type": "Polygon",
        "coordinates": [
          [
            [
              116.34538,
              39.944584000000006
            ],
            [
              116.34538,
              39.94516800000001
            ],
            [
              116.34646333333333,
              39.94516800000001
            ],
            [
              116.34646333333333,
              39.944584000000006
            ],
            [
              116.34538,
              39.944584000000006
            ]
          ]
        ]
      }
    },
    {
      "type": "Feature",
      "id": "BLDG-0077",
      "properties": {
        "id": "BLDG-0077",
        "layer": "BUILDING_FOOTPRINT",
        "source_type": "agent_generated_design",
        "confidence": "medium",
        "geometry_role": "design_proposal",
        "building_type": "mixed_use",
        "name_zh": "大钟寺AI商业建筑",
        "renewal_category": "concept_proposed"
      },
      "geometry": {
        "type": "Polygon",
        "coordinates": [
          [
            [
              116.34538,
              39.94653066666667
            ],
            [
              116.34538,
              39.947114666666664
            ],
            [
              116.34646333333333,
              39.947114666666664
            ],
            [
              116.34646333333333,
              39.94653066666667
            ],
            [
              116.34538,
              39.94653066666667
            ]
          ]
        ]
      }
    },
    {
      "type": "Feature",
      "id": "BLDG-0078",
      "properties": {
        "id": "BLDG-0078",
        "layer": "BUILDING_FOOTPRINT",
        "source_type": "agent_generated_design",
        "confidence": "medium",
        "geometry_role": "design_proposal",
        "building_type": "mixed_use",
        "name_zh": "大钟寺AI商业建筑",
        "renewal_category": "concept_proposed"
      },
      "geometry": {
        "type": "Polygon",
        "coordinates": [
          [
            [
              116.34538,
              39.94847733333334
            ],
            [
              116.34538,
              39.94906133333333
            ],
            [
              116.34646333333333,
              39.94906133333333
            ],
            [
              116.34646333333333,
              39.94847733333334
            ],
            [
              116.34538,
              39.94847733333334
            ]
          ]
        ]
      }
    },
    {
      "type": "Feature",
      "id": "BLDG-0079",
      "properties": {
        "id": "BLDG-0079",
        "layer": "BUILDING_FOOTPRINT",
        "source_type": "agent_generated_design",
        "confidence": "medium",
        "geometry_role": "design_proposal",
        "building_type": "mixed_use",
        "name_zh": "大钟寺AI商业建筑",
        "renewal_category": "concept_proposed"
      },
      "geometry": {
        "type": "Polygon",
        "coordinates": [
          [
            [
              116.34798,
              39.944584000000006
            ],
            [
              116.34798,
              39.94516800000001
            ],
            [
              116.34906333333333,
              39.94516800000001
            ],
            [
              116.34906333333333,
              39.944584000000006
            ],
            [
              116.34798,
              39.944584000000006
            ]
          ]
        ]
      }
    },
    {
      "type": "Feature",
      "id": "BLDG-0080",
      "properties": {
        "id": "BLDG-0080",
        "layer": "BUILDING_FOOTPRINT",
        "source_type": "agent_generated_design",
        "confidence": "medium",
        "geometry_role": "design_proposal",
        "building_type": "mixed_use",
        "name_zh": "大钟寺AI商业建筑",
        "renewal_category": "concept_proposed"
      },
      "geometry": {
        "type": "Polygon",
        "coordinates": [
          [
            [
              116.34798,
              39.94653066666667
            ],
            [
              116.34798,
              39.947114666666664
            ],
            [
              116.34906333333333,
              39.947114666666664
            ],
            [
              116.34906333333333,
              39.94653066666667
            ],
            [
              116.34798,
              39.94653066666667
            ]
          ]
        ]
      }
    },
    {
      "type": "Feature",
      "id": "BLDG-0081",
      "properties": {
        "id": "BLDG-0081",
        "layer": "BUILDING_FOOTPRINT",
        "source_type": "agent_generated_design",
        "confidence": "medium",
        "geometry_role": "design_proposal",
        "building_type": "mixed_use",
        "name_zh": "大钟寺AI商业建筑",
        "renewal_category": "concept_proposed"
      },
      "geometry": {
        "type": "Polygon",
        "coordinates": [
          [
            [
              116.34798,
              39.94847733333334
            ],
            [
              116.34798,
              39.94906133333333
            ],
            [
              116.34906333333333,
              39.94906133333333
            ],
            [
              116.34906333333333,
              39.94847733333334
            ],
            [
              116.34798,
              39.94847733333334
            ]
          ]
        ]
      }
    },
    {
      "type": "Feature",
      "id": "BLDG-0082",
      "properties": {
        "id": "BLDG-0082",
        "layer": "BUILDING_FOOTPRINT",
        "source_type": "agent_generated_design",
        "confidence": "medium",
        "geometry_role": "design_proposal",
        "building_type": "mixed_use",
        "name_zh": "大钟寺AI商业建筑",
        "renewal_category": "concept_proposed"
      },
      "geometry": {
        "type": "Polygon",
        "coordinates": [
          [
            [
              116.35058000000001,
              39.944584000000006
            ],
            [
              116.35058000000001,
              39.94516800000001
            ],
            [
              116.35166333333333,
              39.94516800000001
            ],
            [
              116.35166333333333,
              39.944584000000006
            ],
            [
              116.35058000000001,
              39.944584000000006
            ]
          ]
        ]
      }
    },
    {
      "type": "Feature",
      "id": "BLDG-0083",
      "properties": {
        "id": "BLDG-0083",
        "layer": "BUILDING_FOOTPRINT",
        "source_type": "agent_generated_design",
        "confidence": "medium",
        "geometry_role": "design_proposal",
        "building_type": "mixed_use",
        "name_zh": "大钟寺AI商业建筑",
        "renewal_category": "concept_proposed"
      },
      "geometry": {
        "type": "Polygon",
        "coordinates": [
          [
            [
              116.35058000000001,
              39.94653066666667
            ],
            [
              116.35058000000001,
              39.947114666666664
            ],
            [
              116.35166333333333,
              39.947114666666664
            ],
            [
              116.35166333333333,
              39.94653066666667
            ],
            [
              116.35058000000001,
              39.94653066666667
            ]
          ]
        ]
      }
    },
    {
      "type": "Feature",
      "id": "BLDG-0084",
      "properties": {
        "id": "BLDG-0084",
        "layer": "BUILDING_FOOTPRINT",
        "source_type": "agent_generated_design",
        "confidence": "medium",
        "geometry_role": "design_proposal",
        "building_type": "mixed_use",
        "name_zh": "大钟寺AI商业建筑",
        "renewal_category": "concept_proposed"
      },
      "geometry": {
        "type": "Polygon",
        "coordinates": [
          [
            [
              116.35058000000001,
              39.94847733333334
            ],
            [
              116.35058000000001,
              39.94906133333333
            ],
            [
              116.35166333333333,
              39.94906133333333
            ],
            [
              116.35166333333333,
              39.94847733333334
            ],
            [
              116.35058000000001,
              39.94847733333334
            ]
          ]
        ]
      }
    },
    {
      "type": "Feature",
      "id": "BLDG-0085",
      "properties": {
        "id": "BLDG-0085",
        "layer": "BUILDING_FOOTPRINT",
        "source_type": "agent_generated_design",
        "confidence": "medium",
        "geometry_role": "design_proposal",
        "building_type": "mixed_use",
        "name_zh": "大钟寺AI商业建筑",
        "renewal_category": "concept_proposed"
      },
      "geometry": {
        "type": "Polygon",
        "coordinates": [
          [
            [
              116.35318000000001,
              39.944584000000006
            ],
            [
              116.35318000000001,
              39.94516800000001
            ],
            [
              116.35426333333334,
              39.94516800000001
            ],
            [
              116.35426333333334,
              39.944584000000006
            ],
            [
              116.35318000000001,
              39.944584000000006
            ]
          ]
        ]
      }
    },
    {
      "type": "Feature",
      "id": "BLDG-0086",
      "properties": {
        "id": "BLDG-0086",
        "layer": "BUILDING_FOOTPRINT",
        "source_type": "agent_generated_design",
        "confidence": "medium",
        "geometry_role": "design_proposal",
        "building_type": "mixed_use",
        "name_zh": "大钟寺AI商业建筑",
        "renewal_category": "concept_proposed"
      },
      "geometry": {
        "type": "Polygon",
        "coordinates": [
          [
            [
              116.35318000000001,
              39.94653066666667
            ],
            [
              116.35318000000001,
              39.947114666666664
            ],
            [
              116.35426333333334,
              39.947114666666664
            ],
            [
              116.35426333333334,
              39.94653066666667
            ],
            [
              116.35318000000001,
              39.94653066666667
            ]
          ]
        ]
      }
    },
    {
      "type": "Feature",
      "id": "BLDG-0087",
      "properties": {
        "id": "BLDG-0087",
        "layer": "BUILDING_FOOTPRINT",
        "source_type": "agent_generated_design",
        "confidence": "medium",
        "geometry_role": "design_proposal",
        "building_type": "mixed_use",
        "name_zh": "大钟寺AI商业建筑",
        "renewal_category": "concept_proposed"
      },
      "geometry": {
        "type": "Polygon",
        "coordinates": [
          [
            [
              116.35318000000001,
              39.94847733333334
            ],
            [
              116.35318000000001,
              39.94906133333333
            ],
            [
              116.35426333333334,
              39.94906133333333
            ],
            [
              116.35426333333334,
              39.94847733333334
            ],
            [
              116.35318000000001,
              39.94847733333334
            ]
          ]
        ]
      }
    },
    {
      "type": "Feature",
      "id": "BLDG-0088",
      "properties": {
        "id": "BLDG-0088",
        "layer": "BUILDING_FOOTPRINT",
        "source_type": "agent_generated_design",
        "confidence": "medium",
        "geometry_role": "design_proposal",
        "building_type": "residential",
        "name_zh": "居住建筑",
        "renewal_category": "concept_proposed"
      },
      "geometry": {
        "type": "Polygon",
        "coordinates": [
          [
            [
              116.3405,
              39.95
            ],
            [
              116.3405,
              39.9506
            ],
            [
              116.3413,
              39.9506
            ],
            [
              116.3413,
              39.95
            ],
            [
              116.3405,
              39.95
            ]
          ]
        ]
      }
    },
    {
      "type": "Feature",
      "id": "BLDG-0089",
      "properties": {
        "id": "BLDG-0089",
        "layer": "BUILDING_FOOTPRINT",
        "source_type": "agent_generated_design",
        "confidence": "medium",
        "geometry_role": "design_proposal",
        "building_type": "residential",
        "name_zh": "居住建筑",
        "renewal_category": "concept_proposed"
      },
      "geometry": {
        "type": "Polygon",
        "coordinates": [
          [
            [
              116.3405,
              39.96
            ],
            [
              116.3405,
              39.9606
            ],
            [
              116.3413,
              39.9606
            ],
            [
              116.3413,
              39.96
            ],
            [
              116.3405,
              39.96
            ]
          ]
        ]
      }
    },
    {
      "type": "Feature",
      "id": "BLDG-0090",
      "properties": {
        "id": "BLDG-0090",
        "layer": "BUILDING_FOOTPRINT",
        "source_type": "agent_generated_design",
        "confidence": "medium",
        "geometry_role": "design_proposal",
        "building_type": "residential",
        "name_zh": "居住建筑",
        "renewal_category": "concept_proposed"
      },
      "geometry": {
        "type": "Polygon",
        "coordinates": [
          [
            [
              116.34,
              39.97
            ],
            [
              116.34,
              39.9706
            ],
            [
              116.3408,
              39.9706
            ],
            [
              116.3408,
              39.97
            ],
            [
              116.34,
              39.97
            ]
          ]
        ]
      }
    },
    {
      "type": "Feature",
      "id": "BLDG-0091",
      "properties": {
        "id": "BLDG-0091",
        "layer": "BUILDING_FOOTPRINT",
        "source_type": "agent_generated_design",
        "confidence": "medium",
        "geometry_role": "design_proposal",
        "building_type": "residential",
        "name_zh": "居住建筑",
        "renewal_category": "concept_proposed"
      },
      "geometry": {
        "type": "Polygon",
        "coordinates": [
          [
            [
              116.3405,
              39.97
            ],
            [
              116.3405,
              39.9706
            ],
            [
              116.3413,
              39.9706
            ],
            [
              116.3413,
              39.97
            ],
            [
              116.3405,
              39.97
            ]
          ]
        ]
      }
    },
    {
      "type": "Feature",
      "id": "BLDG-0092",
      "properties": {
        "id": "BLDG-0092",
        "layer": "BUILDING_FOOTPRINT",
        "source_type": "agent_generated_design",
        "confidence": "medium",
        "geometry_role": "design_proposal",
        "building_type": "residential",
        "name_zh": "居住建筑",
        "renewal_category": "concept_proposed"
      },
      "geometry": {
        "type": "Polygon",
        "coordinates": [
          [
            [
              116.3405,
              39.98
            ],
            [
              116.3405,
              39.980599999999995
            ],
            [
              116.3413,
              39.980599999999995
            ],
            [
              116.3413,
              39.98
            ],
            [
              116.3405,
              39.98
            ]
          ]
        ]
      }
    },
    {
      "type": "Feature",
      "id": "BLDG-0093",
      "properties": {
        "id": "BLDG-0093",
        "layer": "BUILDING_FOOTPRINT",
        "source_type": "agent_generated_design",
        "confidence": "medium",
        "geometry_role": "design_proposal",
        "building_type": "retail",
        "name_zh": "商业服务建筑",
        "renewal_category": "concept_proposed"
      },
      "geometry": {
        "type": "Polygon",
        "coordinates": [
          [
            [
              116.35,
              39.942
            ],
            [
              116.35,
              39.9426
            ],
            [
              116.35079999999999,
              39.9426
            ],
            [
              116.35079999999999,
              39.942
            ],
            [
              116.35,
              39.942
            ]
          ]
        ]
      }
    },
    {
      "type": "Feature",
      "id": "BLDG-0094",
      "properties": {
        "id": "BLDG-0094",
        "layer": "BUILDING_FOOTPRINT",
        "source_type": "agent_generated_design",
        "confidence": "medium",
        "geometry_role": "design_proposal",
        "building_type": "retail",
        "name_zh": "商业服务建筑",
        "renewal_category": "concept_proposed"
      },
      "geometry": {
        "type": "Polygon",
        "coordinates": [
          [
            [
              116.352,
              39.942
            ],
            [
              116.352,
              39.9426
            ],
            [
              116.3528,
              39.9426
            ],
            [
              116.3528,
              39.942
            ],
            [
              116.352,
              39.942
            ]
          ]
        ]
      }
    },
    {
      "type": "Feature",
      "id": "BLDG-0095",
      "properties": {
        "id": "BLDG-0095",
        "layer": "BUILDING_FOOTPRINT",
        "source_type": "agent_generated_design",
        "confidence": "medium",
        "geometry_role": "design_proposal",
        "building_type": "retail",
        "name_zh": "商业服务建筑",
        "renewal_category": "concept_proposed"
      },
      "geometry": {
        "type": "Polygon",
        "coordinates": [
          [
            [
              116.354,
              39.942
            ],
            [
              116.354,
              39.9426
            ],
            [
              116.3548,
              39.9426
            ],
            [
              116.3548,
              39.942
            ],
            [
              116.354,
              39.942
            ]
          ]
        ]
      }
    },
    {
      "type": "Feature",
      "id": "BLDG-0096",
      "properties": {
        "id": "BLDG-0096",
        "layer": "BUILDING_FOOTPRINT",
        "source_type": "agent_generated_design",
        "confidence": "medium",
        "geometry_role": "design_proposal",
        "building_type": "retail",
        "name_zh": "商业服务建筑",
        "renewal_category": "concept_proposed"
      },
      "geometry": {
        "type": "Polygon",
        "coordinates": [
          [
            [
              116.35,
              39.95
            ],
            [
              116.35,
              39.9506
            ],
            [
              116.35079999999999,
              39.9506
            ],
            [
              116.35079999999999,
              39.95
            ],
            [
              116.35,
              39.95
            ]
          ]
        ]
      }
    },
    {
      "type": "Feature",
      "id": "BLDG-0097",
      "properties": {
        "id": "BLDG-0097",
        "layer": "BUILDING_FOOTPRINT",
        "source_type": "agent_generated_design",
        "confidence": "medium",
        "geometry_role": "design_proposal",
        "building_type": "retail",
        "name_zh": "商业服务建筑",
        "renewal_category": "concept_proposed"
      },
      "geometry": {
        "type": "Polygon",
        "coordinates": [
          [
            [
              116.352,
              39.95
            ],
            [
              116.352,
              39.9506
            ],
            [
              116.3528,
              39.9506
            ],
            [
              116.3528,
              39.95
            ],
            [
              116.352,
              39.95
            ]
          ]
        ]
      }
    },
    {
      "type": "Feature",
      "id": "BLDG-0098",
      "properties": {
        "id": "BLDG-0098",
        "layer": "BUILDING_FOOTPRINT",
        "source_type": "agent_generated_design",
        "confidence": "medium",
        "geometry_role": "design_proposal",
        "building_type": "retail",
        "name_zh": "商业服务建筑",
        "renewal_category": "concept_proposed"
      },
      "geometry": {
        "type": "Polygon",
        "coordinates": [
          [
            [
              116.354,
              39.95
            ],
            [
              116.354,
              39.9506
            ],
            [
              116.3548,
              39.9506
            ],
            [
              116.3548,
              39.95
            ],
            [
              116.354,
              39.95
            ]
          ]
        ]
      }
    },
    {
      "type": "Feature",
      "id": "BLDG-0099",
      "properties": {
        "id": "BLDG-0099",
        "layer": "BUILDING_FOOTPRINT",
        "source_type": "agent_generated_design",
        "confidence": "medium",
        "geometry_role": "design_proposal",
        "building_type": "retail",
        "name_zh": "商业服务建筑",
        "renewal_category": "concept_proposed"
      },
      "geometry": {
        "type": "Polygon",
        "coordinates": [
          [
            [
              116.35,
              39.96
            ],
            [
              116.35,
              39.9606
            ],
            [
              116.35079999999999,
              39.9606
            ],
            [
              116.35079999999999,
              39.96
            ],
            [
              116.35,
              39.96
            ]
          ]
        ]
      }
    },
    {
      "type": "Feature",
      "id": "BLDG-0100",
      "properties": {
        "id": "BLDG-0100",
        "layer": "BUILDING_FOOTPRINT",
        "source_type": "agent_generated_design",
        "confidence": "medium",
        "geometry_role": "design_proposal",
        "building_type": "retail",
        "name_zh": "商业服务建筑",
        "renewal_category": "concept_proposed"
      },
      "geometry": {
        "type": "Polygon",
        "coordinates": [
          [
            [
              116.352,
              39.96
            ],
            [
              116.352,
              39.9606
            ],
            [
              116.3528,
              39.9606
            ],
            [
              116.3528,
              39.96
            ],
            [
              116.352,
              39.96
            ]
          ]
        ]
      }
    },
    {
      "type": "Feature",
      "id": "BLDG-0101",
      "properties": {
        "id": "BLDG-0101",
        "layer": "BUILDING_FOOTPRINT",
        "source_type": "agent_generated_design",
        "confidence": "medium",
        "geometry_role": "design_proposal",
        "building_type": "retail",
        "name_zh": "商业服务建筑",
        "renewal_category": "concept_proposed"
      },
      "geometry": {
        "type": "Polygon",
        "coordinates": [
          [
            [
              116.354,
              39.96
            ],
            [
              116.354,
              39.9606
            ],
            [
              116.3548,
              39.9606
            ],
            [
              116.3548,
              39.96
            ],
            [
              116.354,
              39.96
            ]
          ]
        ]
      }
    },
    {
      "type": "Feature",
      "id": "BLDG-0102",
      "properties": {
        "id": "BLDG-0102",
        "layer": "BUILDING_FOOTPRINT",
        "source_type": "agent_generated_design",
        "confidence": "medium",
        "geometry_role": "design_proposal",
        "building_type": "retail",
        "name_zh": "商业服务建筑",
        "renewal_category": "concept_proposed"
      },
      "geometry": {
        "type": "Polygon",
        "coordinates": [
          [
            [
              116.35,
              39.97
            ],
            [
              116.35,
              39.9706
            ],
            [
              116.35079999999999,
              39.9706
            ],
            [
              116.35079999999999,
              39.97
            ],
            [
              116.35,
              39.97
            ]
          ]
        ]
      }
    },
    {
      "type": "Feature",
      "id": "BLDG-0103",
      "properties": {
        "id": "BLDG-0103",
        "layer": "BUILDING_FOOTPRINT",
        "source_type": "agent_generated_design",
        "confidence": "medium",
        "geometry_role": "design_proposal",
        "building_type": "retail",
        "name_zh": "商业服务建筑",
        "renewal_category": "concept_proposed"
      },
      "geometry": {
        "type": "Polygon",
        "coordinates": [
          [
            [
              116.352,
              39.97
            ],
            [
              116.352,
              39.9706
            ],
            [
              116.3528,
              39.9706
            ],
            [
              116.3528,
              39.97
            ],
            [
              116.352,
              39.97
            ]
          ]
        ]
      }
    },
    {
      "type": "Feature",
      "id": "BLDG-0104",
      "properties": {
        "id": "BLDG-0104",
        "layer": "BUILDING_FOOTPRINT",
        "source_type": "agent_generated_design",
        "confidence": "medium",
        "geometry_role": "design_proposal",
        "building_type": "retail",
        "name_zh": "商业服务建筑",
        "renewal_category": "concept_proposed"
      },
      "geometry": {
        "type": "Polygon",
        "coordinates": [
          [
            [
              116.354,
              39.97
            ],
            [
              116.354,
              39.9706
            ],
            [
              116.3548,
              39.9706
            ],
            [
              116.3548,
              39.97
            ],
            [
              116.354,
              39.97
            ]
          ]
        ]
      }
    },
    {
      "type": "Feature",
      "id": "BLDG-0105",
      "properties": {
        "id": "BLDG-0105",
        "layer": "BUILDING_FOOTPRINT",
        "source_type": "agent_generated_design",
        "confidence": "medium",
        "geometry_role": "design_proposal",
        "building_type": "retail",
        "name_zh": "商业服务建筑",
        "renewal_category": "concept_proposed"
      },
      "geometry": {
        "type": "Polygon",
        "coordinates": [
          [
            [
              116.35,
              39.98
            ],
            [
              116.35,
              39.980599999999995
            ],
            [
              116.35079999999999,
              39.980599999999995
            ],
            [
              116.35079999999999,
              39.98
            ],
            [
              116.35,
              39.98
            ]
          ]
        ]
      }
    },
    {
      "type": "Feature",
      "id": "BLDG-0106",
      "properties": {
        "id": "BLDG-0106",
        "layer": "BUILDING_FOOTPRINT",
        "source_type": "agent_generated_design",
        "confidence": "medium",
        "geometry_role": "design_proposal",
        "building_type": "retail",
        "name_zh": "商业服务建筑",
        "renewal_category": "concept_proposed"
      },
      "geometry": {
        "type": "Polygon",
        "coordinates": [
          [
            [
              116.352,
              39.98
            ],
            [
              116.352,
              39.980599999999995
            ],
            [
              116.3528,
              39.980599999999995
            ],
            [
              116.3528,
              39.98
            ],
            [
              116.352,
              39.98
            ]
          ]
        ]
      }
    },
    {
      "type": "Feature",
      "id": "BLDG-0107",
      "properties": {
        "id": "BLDG-0107",
        "layer": "BUILDING_FOOTPRINT",
        "source_type": "agent_generated_design",
        "confidence": "medium",
        "geometry_role": "design_proposal",
        "building_type": "retail",
        "name_zh": "商业服务建筑",
        "renewal_category": "concept_proposed"
      },
      "geometry": {
        "type": "Polygon",
        "coordinates": [
          [
            [
              116.354,
              39.98
            ],
            [
              116.354,
              39.980599999999995
            ],
            [
              116.35405200000001,
              39.980599999999995
            ],
            [
              116.3541,
              39.98
            ],
            [
              116.354,
              39.98
            ]
          ]
        ]
      }
    },
    {
      "type": "Feature",
      "id": "BLDG-0108",
      "properties": {
        "id": "BLDG-0108",
        "layer": "BUILDING_FOOTPRINT",
        "source_type": "agent_generated_design",
        "confidence": "medium",
        "geometry_role": "design_proposal",
        "building_type": "retail",
        "name_zh": "商业服务建筑",
        "renewal_category": "concept_proposed"
      },
      "geometry": {
        "type": "Polygon",
        "coordinates": [
          [
            [
              116.35,
              40.0
            ],
            [
              116.35,
              40.0006
            ],
            [
              116.35079999999999,
              40.0006
            ],
            [
              116.35079999999999,
              40.0
            ],
            [
              116.35,
              40.0
            ]
          ]
        ]
      }
    },
    {
      "type": "Feature",
      "id": "BLDG-0109",
      "properties": {
        "id": "BLDG-0109",
        "layer": "BUILDING_FOOTPRINT",
        "source_type": "agent_generated_design",
        "confidence": "medium",
        "geometry_role": "design_proposal",
        "building_type": "retail",
        "name_zh": "商业服务建筑",
        "renewal_category": "concept_proposed"
      },
      "geometry": {
        "type": "Polygon",
        "coordinates": [
          [
            [
              116.352,
              40.0
            ],
            [
              116.352,
              40.0006
            ],
            [
              116.3528,
              40.0006
            ],
            [
              116.3528,
              40.0
            ],
            [
              116.352,
              40.0
            ]
          ]
        ]
      }
    },
    {
      "type": "Feature",
      "id": "BLDG-0110",
      "properties": {
        "id": "BLDG-0110",
        "layer": "BUILDING_FOOTPRINT",
        "source_type": "agent_generated_design",
        "confidence": "medium",
        "geometry_role": "design_proposal",
        "building_type": "retail",
        "name_zh": "商业服务建筑",
        "renewal_category": "concept_proposed"
      },
      "geometry": {
        "type": "Polygon",
        "coordinates": [
          [
            [
              116.354,
              40.01
            ],
            [
              116.354,
              40.0106
            ],
            [
              116.3544287671233,
              40.0106
            ],
            [
              116.35439589041096,
              40.01
            ],
            [
              116.354,
              40.01
            ]
          ]
        ]
      }
    },
    {
      "type": "Feature",
      "id": "BLDG-0111",
      "properties": {
        "id": "BLDG-0111",
        "layer": "BUILDING_FOOTPRINT",
        "source_type": "agent_generated_design",
        "confidence": "medium",
        "geometry_role": "design_proposal",
        "building_type": "retail",
        "name_zh": "商业服务建筑",
        "renewal_category": "concept_proposed"
      },
      "geometry": {
        "type": "Polygon",
        "coordinates": [
          [
            [
              116.354,
              40.02
            ],
            [
              116.354,
              40.0206
            ],
            [
              116.3548,
              40.0206
            ],
            [
              116.3548,
              40.02
            ],
            [
              116.354,
              40.02
            ]
          ]
        ]
      }
    },
    {
      "type": "Feature",
      "id": "BLDG-0112",
      "properties": {
        "id": "BLDG-0112",
        "layer": "BUILDING_FOOTPRINT",
        "source_type": "agent_generated_design",
        "confidence": "medium",
        "geometry_role": "design_proposal",
        "building_type": "cultural",
        "name_zh": "走廊文化公共建筑",
        "renewal_category": "concept_proposed"
      },
      "geometry": {
        "type": "Polygon",
        "coordinates": [
          [
            [
              116.344,
              39.942
            ],
            [
              116.344,
              39.9425
            ],
            [
              116.3446,
              39.9425
            ],
            [
              116.3446,
              39.942
            ],
            [
              116.344,
              39.942
            ]
          ]
        ]
      }
    },
    {
      "type": "Feature",
      "id": "BLDG-0113",
      "properties": {
        "id": "BLDG-0113",
        "layer": "BUILDING_FOOTPRINT",
        "source_type": "agent_generated_design",
        "confidence": "medium",
        "geometry_role": "design_proposal",
        "building_type": "cultural",
        "name_zh": "走廊文化公共建筑",
        "renewal_category": "concept_proposed"
      },
      "geometry": {
        "type": "Polygon",
        "coordinates": [
          [
            [
              116.345,
              39.942
            ],
            [
              116.345,
              39.9425
            ],
            [
              116.3456,
              39.9425
            ],
            [
              116.3456,
              39.942
            ],
            [
              116.345,
              39.942
            ]
          ]
        ]
      }
    },
    {
      "type": "Feature",
      "id": "BLDG-0114",
      "properties": {
        "id": "BLDG-0114",
        "layer": "BUILDING_FOOTPRINT",
        "source_type": "agent_generated_design",
        "confidence": "medium",
        "geometry_role": "design_proposal",
        "building_type": "cultural",
        "name_zh": "走廊文化公共建筑",
        "renewal_category": "concept_proposed"
      },
      "geometry": {
        "type": "Polygon",
        "coordinates": [
          [
            [
              116.346,
              39.942
            ],
            [
              116.346,
              39.9425
            ],
            [
              116.34660000000001,
              39.9425
            ],
            [
              116.34660000000001,
              39.942
            ],
            [
              116.346,
              39.942
            ]
          ]
        ]
      }
    },
    {
      "type": "Feature",
      "id": "BLDG-0115",
      "properties": {
        "id": "BLDG-0115",
        "layer": "BUILDING_FOOTPRINT",
        "source_type": "agent_generated_design",
        "confidence": "medium",
        "geometry_role": "design_proposal",
        "building_type": "cultural",
        "name_zh": "走廊文化公共建筑",
        "renewal_category": "concept_proposed"
      },
      "geometry": {
        "type": "Polygon",
        "coordinates": [
          [
            [
              116.344,
              39.955
            ],
            [
              116.344,
              39.9555
            ],
            [
              116.3446,
              39.9555
            ],
            [
              116.3446,
              39.955
            ],
            [
              116.344,
              39.955
            ]
          ]
        ]
      }
    },
    {
      "type": "Feature",
      "id": "BLDG-0116",
      "properties": {
        "id": "BLDG-0116",
        "layer": "BUILDING_FOOTPRINT",
        "source_type": "agent_generated_design",
        "confidence": "medium",
        "geometry_role": "design_proposal",
        "building_type": "cultural",
        "name_zh": "走廊文化公共建筑",
        "renewal_category": "concept_proposed"
      },
      "geometry": {
        "type": "Polygon",
        "coordinates": [
          [
            [
              116.345,
              39.955
            ],
            [
              116.345,
              39.9555
            ],
            [
              116.3456,
              39.9555
            ],
            [
              116.3456,
              39.955
            ],
            [
              116.345,
              39.955
            ]
          ]
        ]
      }
    },
    {
      "type": "Feature",
      "id": "BLDG-0117",
      "properties": {
        "id": "BLDG-0117",
        "layer": "BUILDING_FOOTPRINT",
        "source_type": "agent_generated_design",
        "confidence": "medium",
        "geometry_role": "design_proposal",
        "building_type": "cultural",
        "name_zh": "走廊文化公共建筑",
        "renewal_category": "concept_proposed"
      },
      "geometry": {
        "type": "Polygon",
        "coordinates": [
          [
            [
              116.346,
              39.955
            ],
            [
              116.346,
              39.9555
            ],
            [
              116.34660000000001,
              39.9555
            ],
            [
              116.34660000000001,
              39.955
            ],
            [
              116.346,
              39.955
            ]
          ]
        ]
      }
    },
    {
      "type": "Feature",
      "id": "BLDG-0118",
      "properties": {
        "id": "BLDG-0118",
        "layer": "BUILDING_FOOTPRINT",
        "source_type": "agent_generated_design",
        "confidence": "medium",
        "geometry_role": "design_proposal",
        "building_type": "cultural",
        "name_zh": "走廊文化公共建筑",
        "renewal_category": "concept_proposed"
      },
      "geometry": {
        "type": "Polygon",
        "coordinates": [
          [
            [
              116.344,
              39.962
            ],
            [
              116.344,
              39.962500000000006
            ],
            [
              116.3446,
              39.962500000000006
            ],
            [
              116.3446,
              39.962
            ],
            [
              116.344,
              39.962
            ]
          ]
        ]
      }
    },
    {
      "type": "Feature",
      "id": "BLDG-0119",
      "properties": {
        "id": "BLDG-0119",
        "layer": "BUILDING_FOOTPRINT",
        "source_type": "agent_generated_design",
        "confidence": "medium",
        "geometry_role": "design_proposal",
        "building_type": "cultural",
        "name_zh": "走廊文化公共建筑",
        "renewal_category": "concept_proposed"
      },
      "geometry": {
        "type": "Polygon",
        "coordinates": [
          [
            [
              116.345,
              39.962
            ],
            [
              116.345,
              39.962500000000006
            ],
            [
              116.3456,
              39.962500000000006
            ],
            [
              116.3456,
              39.962
            ],
            [
              116.345,
              39.962
            ]
          ]
        ]
      }
    },
    {
      "type": "Feature",
      "id": "BLDG-0120",
      "properties": {
        "id": "BLDG-0120",
        "layer": "BUILDING_FOOTPRINT",
        "source_type": "agent_generated_design",
        "confidence": "medium",
        "geometry_role": "design_proposal",
        "building_type": "cultural",
        "name_zh": "走廊文化公共建筑",
        "renewal_category": "concept_proposed"
      },
      "geometry": {
        "type": "Polygon",
        "coordinates": [
          [
            [
              116.346,
              39.962
            ],
            [
              116.346,
              39.962500000000006
            ],
            [
              116.34660000000001,
              39.962500000000006
            ],
            [
              116.34660000000001,
              39.962
            ],
            [
              116.346,
              39.962
            ]
          ]
        ]
      }
    },
    {
      "type": "Feature",
      "id": "BLDG-0121",
      "properties": {
        "id": "BLDG-0121",
        "layer": "BUILDING_FOOTPRINT",
        "source_type": "agent_generated_design",
        "confidence": "medium",
        "geometry_role": "design_proposal",
        "building_type": "cultural",
        "name_zh": "走廊文化公共建筑",
        "renewal_category": "concept_proposed"
      },
      "geometry": {
        "type": "Polygon",
        "coordinates": [
          [
            [
              116.344,
              39.968
            ],
            [
              116.344,
              39.968500000000006
            ],
            [
              116.3446,
              39.968500000000006
            ],
            [
              116.3446,
              39.968
            ],
            [
              116.344,
              39.968
            ]
          ]
        ]
      }
    },
    {
      "type": "Feature",
      "id": "BLDG-0122",
      "properties": {
        "id": "BLDG-0122",
        "layer": "BUILDING_FOOTPRINT",
        "source_type": "agent_generated_design",
        "confidence": "medium",
        "geometry_role": "design_proposal",
        "building_type": "cultural",
        "name_zh": "走廊文化公共建筑",
        "renewal_category": "concept_proposed"
      },
      "geometry": {
        "type": "Polygon",
        "coordinates": [
          [
            [
              116.345,
              39.968
            ],
            [
              116.345,
              39.968500000000006
            ],
            [
              116.3456,
              39.968500000000006
            ],
            [
              116.3456,
              39.968
            ],
            [
              116.345,
              39.968
            ]
          ]
        ]
      }
    },
    {
      "type": "Feature",
      "id": "BLDG-0123",
      "properties": {
        "id": "BLDG-0123",
        "layer": "BUILDING_FOOTPRINT",
        "source_type": "agent_generated_design",
        "confidence": "medium",
        "geometry_role": "design_proposal",
        "building_type": "cultural",
        "name_zh": "走廊文化公共建筑",
        "renewal_category": "concept_proposed"
      },
      "geometry": {
        "type": "Polygon",
        "coordinates": [
          [
            [
              116.346,
              39.968
            ],
            [
              116.346,
              39.968500000000006
            ],
            [
              116.34660000000001,
              39.968500000000006
            ],
            [
              116.34660000000001,
              39.968
            ],
            [
              116.346,
              39.968
            ]
          ]
        ]
      }
    },
    {
      "type": "Feature",
      "id": "BLDG-0124",
      "properties": {
        "id": "BLDG-0124",
        "layer": "BUILDING_FOOTPRINT",
        "source_type": "agent_generated_design",
        "confidence": "medium",
        "geometry_role": "design_proposal",
        "building_type": "cultural",
        "name_zh": "走廊文化公共建筑",
        "renewal_category": "concept_proposed"
      },
      "geometry": {
        "type": "Polygon",
        "coordinates": [
          [
            [
              116.344,
              39.978
            ],
            [
              116.344,
              39.978500000000004
            ],
            [
              116.3446,
              39.978500000000004
            ],
            [
              116.3446,
              39.978
            ],
            [
              116.344,
              39.978
            ]
          ]
        ]
      }
    },
    {
      "type": "Feature",
      "id": "BLDG-0125",
      "properties": {
        "id": "BLDG-0125",
        "layer": "BUILDING_FOOTPRINT",
        "source_type": "agent_generated_design",
        "confidence": "medium",
        "geometry_role": "design_proposal",
        "building_type": "cultural",
        "name_zh": "走廊文化公共建筑",
        "renewal_category": "concept_proposed"
      },
      "geometry": {
        "type": "Polygon",
        "coordinates": [
          [
            [
              116.345,
              39.978
            ],
            [
              116.345,
              39.978500000000004
            ],
            [
              116.3456,
              39.978500000000004
            ],
            [
              116.3456,
              39.978
            ],
            [
              116.345,
              39.978
            ]
          ]
        ]
      }
    },
    {
      "type": "Feature",
      "id": "BLDG-0126",
      "properties": {
        "id": "BLDG-0126",
        "layer": "BUILDING_FOOTPRINT",
        "source_type": "agent_generated_design",
        "confidence": "medium",
        "geometry_role": "design_proposal",
        "building_type": "cultural",
        "name_zh": "走廊文化公共建筑",
        "renewal_category": "concept_proposed"
      },
      "geometry": {
        "type": "Polygon",
        "coordinates": [
          [
            [
              116.346,
              39.978
            ],
            [
              116.346,
              39.978500000000004
            ],
            [
              116.34660000000001,
              39.978500000000004
            ],
            [
              116.34660000000001,
              39.978
            ],
            [
              116.346,
              39.978
            ]
          ]
        ]
      }
    },
    {
      "type": "Feature",
      "id": "BLDG-0127",
      "properties": {
        "id": "BLDG-0127",
        "layer": "BUILDING_FOOTPRINT",
        "source_type": "agent_generated_design",
        "confidence": "medium",
        "geometry_role": "design_proposal",
        "building_type": "cultural",
        "name_zh": "走廊文化公共建筑",
        "renewal_category": "concept_proposed"
      },
      "geometry": {
        "type": "Polygon",
        "coordinates": [
          [
            [
              116.344,
              40.002
            ],
            [
              116.344,
              40.002500000000005
            ],
            [
              116.3446,
              40.002500000000005
            ],
            [
              116.3446,
              40.002
            ],
            [
              116.344,
              40.002
            ]
          ]
        ]
      }
    },
    {
      "type": "Feature",
      "id": "BLDG-0128",
      "properties": {
        "id": "BLDG-0128",
        "layer": "BUILDING_FOOTPRINT",
        "source_type": "agent_generated_design",
        "confidence": "medium",
        "geometry_role": "design_proposal",
        "building_type": "cultural",
        "name_zh": "走廊文化公共建筑",
        "renewal_category": "concept_proposed"
      },
      "geometry": {
        "type": "Polygon",
        "coordinates": [
          [
            [
              116.345,
              40.002
            ],
            [
              116.345,
              40.002500000000005
            ],
            [
              116.3456,
              40.002500000000005
            ],
            [
              116.3456,
              40.002
            ],
            [
              116.345,
              40.002
            ]
          ]
        ]
      }
    },
    {
      "type": "Feature",
      "id": "BLDG-0129",
      "properties": {
        "id": "BLDG-0129",
        "layer": "BUILDING_FOOTPRINT",
        "source_type": "agent_generated_design",
        "confidence": "medium",
        "geometry_role": "design_proposal",
        "building_type": "cultural",
        "name_zh": "走廊文化公共建筑",
        "renewal_category": "concept_proposed"
      },
      "geometry": {
        "type": "Polygon",
        "coordinates": [
          [
            [
              116.346,
              40.002
            ],
            [
              116.346,
              40.002500000000005
            ],
            [
              116.34660000000001,
              40.002500000000005
            ],
            [
              116.34660000000001,
              40.002
            ],
            [
              116.346,
              40.002
            ]
          ]
        ]
      }
    },
    {
      "type": "Feature",
      "geometry": {
        "type": "Polygon",
        "coordinates": [
          [
            [
              116.3425,
              39.976
            ],
            [
              116.3435,
              39.976
            ],
            [
              116.3435,
              39.977
            ],
            [
              116.3425,
              39.977
            ],
            [
              116.3425,
              39.976
            ]
          ]
        ]
      },
      "properties": {
        "id": "BLDG-0130",
        "layer": "BUILDING_FOOTPRINT",
        "source_type": "agent_generated_design",
        "confidence": "low",
        "geometry_role": "design_proposal",
        "building_type": "cultural",
        "name_zh": "京张铁路文化中心",
        "renewal_category": "concept_proposed"
      },
      "id": "BLDG-0130"
    },
    {
      "type": "Feature",
      "geometry": {
        "type": "Polygon",
        "coordinates": [
          [
            [
              116.3505,
              39.961
            ],
            [
              116.3515,
              39.961
            ],
            [
              116.3515,
              39.962
            ],
            [
              116.3505,
              39.962
            ],
            [
              116.3505,
              39.961
            ]
          ]
        ]
      },
      "properties": {
        "id": "BLDG-0131",
        "layer": "BUILDING_FOOTPRINT",
        "source_type": "agent_generated_design",
        "confidence": "low",
        "geometry_role": "design_proposal",
        "building_type": "education",
        "name_zh": "AI教育体验中心",
        "renewal_category": "concept_proposed"
      },
      "id": "BLDG-0131"
    }
  ]
}